-- MySQL dump 10.13  Distrib 5.5.54, for debian-linux-gnu (x86_64)
--
-- Host: localhost    Database: db_catt1
-- ------------------------------------------------------
-- Server version	5.5.54-0+deb8u1

/*!40101 SET @OLD_CHARACTER_SET_CLIENT=@@CHARACTER_SET_CLIENT */;
/*!40101 SET @OLD_CHARACTER_SET_RESULTS=@@CHARACTER_SET_RESULTS */;
/*!40101 SET @OLD_COLLATION_CONNECTION=@@COLLATION_CONNECTION */;
/*!40101 SET NAMES utf8 */;
/*!40103 SET @OLD_TIME_ZONE=@@TIME_ZONE */;
/*!40103 SET TIME_ZONE='+00:00' */;
/*!40014 SET @OLD_UNIQUE_CHECKS=@@UNIQUE_CHECKS, UNIQUE_CHECKS=0 */;
/*!40014 SET @OLD_FOREIGN_KEY_CHECKS=@@FOREIGN_KEY_CHECKS, FOREIGN_KEY_CHECKS=0 */;
/*!40101 SET @OLD_SQL_MODE=@@SQL_MODE, SQL_MODE='NO_AUTO_VALUE_ON_ZERO' */;
/*!40111 SET @OLD_SQL_NOTES=@@SQL_NOTES, SQL_NOTES=0 */;

--
-- Table structure for table `alumno`
--

DROP TABLE IF EXISTS `alumno`;
/*!40101 SET @saved_cs_client     = @@character_set_client */;
/*!40101 SET character_set_client = utf8 */;
CREATE TABLE `alumno` (
  `IdAlumno` int(11) NOT NULL,
  `Nombre` varchar(50) NOT NULL,
  `APaterno` varchar(50) NOT NULL,
  `AMaterno` varchar(50) NOT NULL,
  `Email` varchar(75) NOT NULL,
  `Telefono` varchar(15) DEFAULT NULL,
  `IdTT` varchar(10) NOT NULL,
  PRIMARY KEY (`IdAlumno`),
  KEY `IdTT` (`IdTT`),
  CONSTRAINT `ALUMNO_ibfk_1` FOREIGN KEY (`IdTT`) REFERENCES `tt` (`IdTT`) ON DELETE CASCADE ON UPDATE CASCADE
) ENGINE=InnoDB DEFAULT CHARSET=latin1;
/*!40101 SET character_set_client = @saved_cs_client */;

--
-- Dumping data for table `alumno`
--

LOCK TABLES `alumno` WRITE;
/*!40000 ALTER TABLE `alumno` DISABLE KEYS */;
INSERT INTO `alumno` VALUES (2007630154,'ELIAS ENRIQUE','GARCÍA','SOTO','hazzy76@hotmail.com',NULL,'2016-B079'),(2008310346,'EDGAR','MUÑOZ','HERNANDEZ','hazzy76@hotmail.com',NULL,'17-2-0018'),(2008311078,'CARLOS GUADALUPE','PADILLA','CRISANTOS','hazzy76@hotmail.com',NULL,'2016-A074'),(2008630439,'URIEL','RIVERA','CARRETERO','hazzy76@hotmail.com',NULL,'2016-B107'),(2009300428,'JOSÉ EDUARDO','FERNANDEZ','PÉREZ','hazzy76@hotmail.com',NULL,'17-2-0001'),(2009310558,'MIGUEL ÁNGEL','SÁNCHEZ','MADRIGAL','hazzy76@hotmail.com',NULL,'2016-A043'),(2009410445,'ALDO ABRAHAM','PEÑA','PATIÑO','hazzy76@hotmail.com',NULL,'2016-A043'),(2009630037,'DANIEL','CABRERA','RAMÍREZ','hazzy76@hotmail.com',NULL,'2016-A065'),(2009630041,'SILVIA EDITH','CARCAÑO','MIRANDA','hazzy76@hotmail.com',NULL,'2016-B123'),(2009630153,'CRISTHIAN','LOPEZ','RAMIREZ','hazzy76@hotmail.com',NULL,'2016-B060'),(2009630162,'MIGUEL ÁNGEL','MARTÍNEZ','GARCÍA','hazzy76@hotmail.com',NULL,'2016-A023'),(2009630207,'CARLOS EDUARDO','OCEJO','JASSO','hazzy76@hotmail.com',NULL,'2016-A046'),(2009630311,'PEDRO','YESCAS','MÉNDEZ','hazzy76@hotmail.com',NULL,'2016-A043'),(2009630390,'OMAR','HERNÁNDEZ','NAGORE','hazzy76@hotmail.com',NULL,'2016-A026'),(2009630442,'ATZIRY MARISOL','ORTÍZ','MORA','hazzy76@hotmail.com',NULL,'2016-B119'),(2009630559,'JAZMIN ARACELI','ZARATE','GARCIA','hazzy76@hotmail.com',NULL,'2016-B123'),(2010630030,'LUIS ADRIAN','CASTAÑEDA','LÓPEZ','hazzy76@hotmail.com',NULL,'17-2-0011'),(2010630035,'DIANA IVONNE','CHÁVEZ','CORREA','hazzy76@hotmail.com',NULL,'2016-A037'),(2010630197,'GUILLERMO','SIERRA','OJEDA','hazzy76@hotmail.com',NULL,'2016-B121'),(2010630205,'RICARDO SALVADOR','TÉLLEZ','DÍAZ','hazzy76@hotmail.com',NULL,'2016-A042'),(2010630260,'MARCO TONIO','DOMÍNGUEZ','ÁLVAREZ','hazzy76@hotmail.com',NULL,'2016-A086'),(2010630343,'GISEL PAOLA','MORENO','LAINZ','hazzy76@hotmail.com',NULL,'2016-B127'),(2010630390,'ULISES','SÁNCHEZ','BELLO','hazzy76@hotmail.com',NULL,'2016-A010'),(2010630430,'CARLOS AUGUSTO','DÁVILA','GARCÍA','hazzy76@hotmail.com',NULL,'2016-B011'),(2010630441,'FERNANDO','HERNÁNDEZ','MARTÍNEZ','hazzy76@hotmail.com',NULL,'2016-A087'),(2010630457,'JETZEMANI DAVID','SÁNCHEZ','CONTRERAS','hazzy76@hotmail.com',NULL,'2016-A045'),(2010630495,'MUCIO ARTURO','NAVA','BÁEZ','hazzy76@hotmail.com',NULL,'2016-A045'),(2010630575,'LUIS ALFONSO','ESQUIVEL','SANDOVAL','hazzy76@hotmail.com',NULL,'2016-A023'),(2011300495,'JESÚS SAIDH','JIMÉNEZ','FUENTES','hazzy76@hotmail.com',NULL,'2016-A028'),(2011301453,'CARLOS HILARIO','LÓPEZ','RAMÍREZ','hazzy76@hotmail.com',NULL,'2016-B074'),(2011340180,'TANYA SILVANA','HERNÁNDEZ','VALDEZ','hazzy76@hotmail.com',NULL,'2016-A037'),(2011630028,'JOSÉ','CALLEJA','MARTÍNEZ','hazzy76@hotmail.com',NULL,'17-2-0016'),(2011630030,'GERARDO JESÚS','CAMACHO','RIVAS','hazzy76@hotmail.com',NULL,'2016-A037'),(2011630053,'DANIEL EDUARDO','CONTRERAS','RODRIGUEZ','hazzy76@hotmail.com',NULL,'2016-A060'),(2011630098,'JOSÉ ÁNGEL','FIERRO','HERNÁNDEZ','hazzy76@hotmail.com',NULL,'2016-A075'),(2011630104,'NESTOR DANIEL','FLORES','MOSCOSO','hazzy76@hotmail.com',NULL,'17-2-0010'),(2011630107,'HÉCTOR ALONSO','FRANCO','CARMONA','hazzy76@hotmail.com',NULL,'2016-B083'),(2011630171,'GISELA STEPHANIE','LOZADA','GUIDO','hazzy76@hotmail.com',NULL,'2016-A026'),(2011630184,'FRANCISCO JAVIER','MARTÍNEZ','LÓPEZ','hazzy76@hotmail.com',NULL,'2016-A048'),(2011630187,'FRANCISCO FABIAN','MARTÍNEZ','NAVARRO','hazzy76@hotmail.com',NULL,'17-2-0009'),(2011630191,'MARIO ALBERTO','MARTÍNEZ','SORIANO','hazzy76@hotmail.com',NULL,'17-2-0006'),(2011630232,'JESSICA JAZMÍN','RAMÍREZ','HERNÁNDEZ','hazzy76@hotmail.com',NULL,'2016-B075'),(2011630315,'RICARDO','AGUILAR','ORTEGA','hazzy76@hotmail.com',NULL,'2016-A024'),(2011630317,'ROGELIO','AGUILAR','SORIANO','hazzy76@hotmail.com',NULL,'2016-B068'),(2011630323,'CRUZ LEONEL','ALVARADO','SÁNCHEZ','hazzy76@hotmail.com',NULL,'17-2-0012'),(2011630333,'OMAR SAID','ARAIZA','LÓPEZ','hazzy76@hotmail.com',NULL,'2016-B083'),(2011630340,'JOSYMAR LUIS','BARRIGA','TRUJILLO','hazzy76@hotmail.com',NULL,'17-2-0008'),(2011630343,'LUIS ENRIQUE','BERMEO','MARTÍNEZ','hazzy76@hotmail.com',NULL,'2016-A051'),(2011630354,'PEDRO ERNESTO','CASANOVA','ARIAS','hazzy76@hotmail.com',NULL,'2016-B101'),(2011630358,'ERICK','CASTILLO','VASQUEZ','hazzy76@hotmail.com',NULL,'17-2-0009'),(2011630409,'RODOLFO FERNANDO','GÓMEZ','ARANA','hazzy76@hotmail.com',NULL,'2016-B099'),(2011630419,'DAVID','GONZÁLEZ','XICOTÉNCATL','hazzy76@hotmail.com',NULL,'2016-A028'),(2011630427,'ELI MISAEL','GUZMÁN','CORONA','hazzy76@hotmail.com',NULL,'2016-A086'),(2011630436,'PAOLA','HERNANDEZ','SILVA','hazzy76@hotmail.com',NULL,'2016-A068'),(2011630467,'JORGE HERMINIO','LÓPEZ','VÁZQUEZ','hazzy76@hotmail.com',NULL,'2016-A075'),(2011630471,'MIGUEL YOSHIMAR','LUNA','ESCALONA','hazzy76@hotmail.com',NULL,'2016-B101'),(2011630517,'JORGE LUIS','ORTIZ','GARCÍA','hazzy76@hotmail.com',NULL,'2016-A060'),(2011630536,'ENRIQUE SAÚL','RAMÍREZ','GONZÁLEZ','hazzy76@hotmail.com',NULL,'2016-A048'),(2011630542,'JAZIEL','REYES','TORRES','hazzy76@hotmail.com',NULL,'2016-A072'),(2011630569,'MARIA ADELA','SOTO','ALVAREZ DEL CASTILLO','hazzy76@hotmail.com',NULL,'2016-A051'),(2012300588,'BERENICE','ELIZALDE','FLORES','hazzy76@hotmail.com',NULL,'2016-A015'),(2012301264,'ROBERTO','MÁRQUEZ','HERNÁNDEZ','hazzy76@hotmail.com',NULL,'17-2-0004'),(2012320098,'GUSTAVO','CABRERA','GODÍNEZ','hazzy76@hotmail.com',NULL,'2016-B072'),(2012350146,'FRANCISCO','CHÁVEZ','RAMOS','hazzy76@hotmail.com',NULL,'2016-A036'),(2012350396,'JONATHAN','ISLAS','VÁZQUEZ','hazzy76@hotmail.com',NULL,'2016-A036'),(2012630031,'AARON ARIEL','ARAUJO','RUIZ','hazzy76@hotmail.com',NULL,'2016-A016'),(2012630035,'MARIO IVÁN','ARREGUÍN','RESÉNDIZ','hazzy76@hotmail.com',NULL,'2016-B126'),(2012630043,'CARLO','BARRANCO','DOMÍNGUEZ','hazzy76@hotmail.com',NULL,'2016-A066'),(2012630055,'HAZZIELY','BERNACHE','FERNÁNDEZ','hazzy76@hotmail.com',NULL,'2016-A088'),(2012630072,'RODRIGO','CASTILLO','ESPARZA','hazzy76@hotmail.com',NULL,'2016-A054'),(2012630092,'EDGAR','CRUZ','GARFIAS','hazzy76@hotmail.com',NULL,'2016-A010'),(2012630094,'ARTURO','CRUZ','PAZARÁN','hazzy76@hotmail.com',NULL,'2016-A081'),(2012630098,'MAURICIO YEUDIEL','CUNJAMÁ','TORRES','hazzy76@hotmail.com',NULL,'2016-A063'),(2012630099,'ARMANDO','DAZA','CASTILLO','hazzy76@hotmail.com',NULL,'2016-A017'),(2012630101,'RAÚL ANTONIO','DE LA CRUZ','MARTÍNEZ','hazzy76@hotmail.com',NULL,'2016-A059'),(2012630103,'LIZBETH ALDONZA','DE LA TORRE','LOPEZ','hazzy76@hotmail.com',NULL,'2015-B117'),(2012630106,'ROLANDO JESÚS','DÍAZ','CID','hazzy76@hotmail.com',NULL,'2016-A034'),(2012630110,'ALAN OSWALDO','DÍAZ','MARTÍNEZ','hazzy76@hotmail.com',NULL,'2016-B122'),(2012630115,'LEOPOLDO','DOMINGUEZ','CARDOSO','hazzy76@hotmail.com',NULL,'2016-B068'),(2012630123,'MARIO','ESCORZA','VALLES','hazzy76@hotmail.com',NULL,'2016-B119'),(2012630146,'LILIANA','FLORES','SÁNCHEZ','hazzy76@hotmail.com',NULL,'2016-A079'),(2012630159,'GARCÍA','MONSALVO','JESÚS ISMAEL','hazzy76@hotmail.com',NULL,'2016-B039'),(2012630160,'GARCIA PEREZ','FRANCISCO','JAVIER','hazzy76@hotmail.com',NULL,'2016-B003'),(2012630179,'ALEJANDRO','GONZÁLEZ','ROMERO','hazzy76@hotmail.com',NULL,'2016-B103'),(2012630184,'OSCAR','GREGORIO','FLORES','hazzy76@hotmail.com',NULL,'2016-A052'),(2012630200,'EDUARDO IVÁN','HERNÁNDEZ','GALINDO','hazzy76@hotmail.com',NULL,'2016-A054'),(2012630202,'JUAN CARLOS','HERNÁNDEZ','HERNÁNDEZ','hazzy76@hotmail.com',NULL,'2016-B114'),(2012630215,'JOSE GERARDO','HERNANDEZ','SORIANO','hazzy76@hotmail.com',NULL,'2016-B127'),(2012630220,'OSCAR MICHEL','HUERTA','CRUZ','hazzy76@hotmail.com',NULL,'2016-B124'),(2012630225,'MIGUEL ANGEL','JIMENEZ','CASTILLO','hazzy76@hotmail.com',NULL,'2016-B124'),(2012630226,'JAVIER ANDÉS','JIMÉNEZ','FLORES','hazzy76@hotmail.com',NULL,'2016-B051'),(2012630236,'KAREN','JUSTO','GARCÍA','hazzy76@hotmail.com',NULL,'2016-A084'),(2012630241,'CARLOS','LEAL','LEÓN','hazzy76@hotmail.com',NULL,'2016-B115'),(2012630248,'MARLEN','LÓPEZ','FLORES','hazzy76@hotmail.com',NULL,'2015-B117'),(2012630255,'JOEL','LOZANO','ALEJANDRO','hazzy76@hotmail.com',NULL,'2016-B106'),(2012630257,'ANGEL','LUGO','MONTOYA','hazzy76@hotmail.com',NULL,'2016-B119'),(2012630259,'ALEJO EDUARDO','MACÍAS','CUBRÍA','hazzy76@hotmail.com',NULL,'2016-A050'),(2012630270,'GABRIEL ALEJANDRO','MARTINEZ','HUITRO','hazzy76@hotmail.com',NULL,'2016-B120'),(2012630273,'GIBREEL','MARTÍNEZ','RAMÍREZ','hazzy76@hotmail.com',NULL,'2016-A038'),(2012630275,'CAROLINA','MARTÍNEZ','REYNA','hazzy76@hotmail.com',NULL,'2016-B105'),(2012630281,'RICARDO ALFREDO','MATEO','BRITO','hazzy76@hotmail.com',NULL,'2016-B051'),(2012630282,'JOSÉ RICARDO','MATEOS','HERNÁNDEZ','hazzy76@hotmail.com',NULL,'2016-A076'),(2012630291,'DAVID ALEJANDRO','MÉNDEZ','LUNA','hazzy76@hotmail.com',NULL,'17-2-0004'),(2012630296,'SEBASTIÁN GAEL','MOCTEZUMA','GUTIÉRREZ','hazzy76@hotmail.com',NULL,'2016-A081'),(2012630306,'MARIO JESÚS','MORA','PÉREZ','hazzy76@hotmail.com',NULL,'2016-A038'),(2012630312,'PABLO','NICOLÁS','HERNÁNDEZ','hazzy76@hotmail.com',NULL,'2016-A038'),(2012630320,'JOSÉ SALVADOR','NUÑO','TOLEDO','hazzy76@hotmail.com',NULL,'2016-B114'),(2012630324,'ALEJANDRO','ORTÍZ','CHÁVEZ','hazzy76@hotmail.com',NULL,'2016-B064'),(2012630325,'DAVID ARTURO','ORTÍZ','DURÁN','hazzy76@hotmail.com',NULL,'17-2-0004'),(2012630326,'ELIUD OMAR','ORTIZ','LÓPEZ','hazzy76@hotmail.com',NULL,'2016-A076'),(2012630339,'KEVIN IRVIN','PEÑA','LÓPEZ','hazzy76@hotmail.com',NULL,'2016-B111'),(2012630340,'MIGUEL ÁNGEL','PEÑA','LÓPEZ','hazzy76@hotmail.com',NULL,'2016-B071'),(2012630342,'ARIADNA','PEÑA','ROSALES','hazzy76@hotmail.com',NULL,'17-2-0014'),(2012630378,'JOSÉ LUIS','RIPOLL','CARRERA','hazzy76@hotmail.com',NULL,'2016-B068'),(2012630406,'RICARDO','RUIZ','MALDONADO','hazzy76@hotmail.com',NULL,'2016-A079'),(2012630415,'IVÁN','SÁNCHEZ','GONZÁLEZ','hazzy76@hotmail.com',NULL,'2016-A052'),(2012630417,'NANCY','SÁNCHEZ','MÉNDEZ','hazzy76@hotmail.com',NULL,'2016-A045'),(2012630440,'ITZEL GABRIELA','TÉLLEZ GIRÓN','RUÍZ','hazzy76@hotmail.com',NULL,'2016-B128'),(2012630454,'ROBERTO','VALDEZ','BARBA','hazzy76@hotmail.com',NULL,'2016-A088'),(2012630456,'RICARDO ALAN','VARGAS','GAMBOA','hazzy76@hotmail.com',NULL,'2016-A023'),(2012630460,'HÉCTOR BRUNO','VÁZQUEZ','SANTANA','hazzy76@hotmail.com',NULL,'2016-A025'),(2012630479,'CRISTIAN','ARENAS','YÁÑEZ','hazzy76@hotmail.com',NULL,'2016-A024'),(2012630500,'OREA','OTHONIEL','HERRERA','hazzy76@hotmail.com',NULL,'2016-B003'),(2012630507,'JORGE ALEJANDRO','MARTÍN','ALCANTARA','hazzy76@hotmail.com',NULL,'17-2-0013'),(2012630535,'GETSEMANI BELÉN','SOTO','REYES','hazzy76@hotmail.com',NULL,'2016-B075'),(2012630540,'ENRIQUE','VELASCO','ÁVILA','hazzy76@hotmail.com',NULL,'2016-B025'),(2012630552,'ARELY','GARCÍA','ESTRADA','hazzy76@hotmail.com',NULL,'2016-A021'),(2012630561,'RAÚL','JIMÉNEZ','MATA','hazzy76@hotmail.com',NULL,'2016-A052'),(2012630565,'JOSÉ RODOLFO','MORENO','SÁNCHEZ','hazzy76@hotmail.com',NULL,'2016-B074'),(2012630569,'VERÓNICA MARIAN','SAAVEDRA','ZEPEDA','hazzy76@hotmail.com',NULL,'2016-A025'),(2012630577,'MARIO ALBERTO','TERRÉS','PALACIOS','hazzy76@hotmail.com',NULL,'2016-B105'),(2012630580,'LEONARDO DANIEL','HERNÁNDEZ','ESTRADA','hazzy76@hotmail.com',NULL,'2016-A054'),(2013301602,'RAFAEL','CLAUDIES','PÉREZ','hazzy76@hotmail.com',NULL,'2016-B099'),(2013330246,'GUADALUPE JAVIER','ARMENTA','GARCÍA','hazzy76@hotmail.com',NULL,'2016-B009'),(2013350355,'SERGIO ALBERTO','ROBLES','PEDRAZA','hazzy76@hotmail.com',NULL,'2016-B096'),(2013350436,'MARIANA','VARELA','ROSAS','hazzy76@hotmail.com',NULL,'2016-A003'),(2013360074,'GABRIELA','DELGADILLO','RAMÍREZ','hazzy76@hotmail.com',NULL,'2016-B014'),(2013600359,'JAQUELINE GUADALUPE','VILLAR','CORONA','hazzy76@hotmail.com',NULL,'2016-B057'),(2013600985,'JOSCELYN MEZTLI','LÓPEZ','ZARAGOZA','hazzy76@hotmail.com',NULL,'2016-B006'),(2013601590,'ARMANDO ALAN','HERNÁNDEZ','SÁNCHEZ','hazzy76@hotmail.com',NULL,'2016-B104'),(2013630005,'LUIS FERNANDO','CARRANZA','LIRA','hazzy76@hotmail.com',NULL,'2016-A049'),(2013630007,'ALDO','MORENO','TINOCO','hazzy76@hotmail.com',NULL,'2016-B037'),(2013630020,'ALBERTO DOMINGO','MORENO','OROZCO','hazzy76@hotmail.com',NULL,'2016-A074'),(2013630026,'ENYA VALERIA','MARTÍNEZ','PAREDES','hazzy76@hotmail.com',NULL,'2016-A004'),(2013630038,'VANESA LIZBETH','JAIME','TAMAYO','hazzy76@hotmail.com',NULL,'2016-A005'),(2013630050,'KEVIN','TREJO','GARCÍA','hazzy76@hotmail.com',NULL,'2016-A006'),(2013630053,'FRANCISCO JAVIER','CAMACHO','GUERRA','hazzy76@hotmail.com',NULL,'2016-A020'),(2013630054,'JORGE HALI','VELÁZQUEZ','VÁZQUEZ','hazzy76@hotmail.com',NULL,'2016-B113'),(2013630055,'JORGE ALEJANDRO','MAKSABEDIAN','OJEDA','hazzy76@hotmail.com',NULL,'2016-A002'),(2013630056,'ERICK','LAUREANO','LECHUGA','hazzy76@hotmail.com',NULL,'2016-B005'),(2013630067,'ISIDRO ENRIQUE','MARTÍNEZ','GUTIÉRREZ','hazzy76@hotmail.com',NULL,'2016-B072'),(2013630071,'DIANA LESLIE','GONZÁLEZ','OLIVIER','hazzy76@hotmail.com',NULL,'2016-B045'),(2013630072,'ALEJANDRO','HERNÁNDEZ','RODRÍGUEZ','hazzy76@hotmail.com',NULL,'2016-A018'),(2013630092,'JORGE FERNANDO','ACONO','MONSEVAIZ','hazzy76@hotmail.com',NULL,'2016-A027'),(2013630099,'MISAEL ARTURO','ALANIS','MANCILLA','hazzy76@hotmail.com',NULL,'2016-A071'),(2013630105,'RODRIGO','ALVARADO','HERNÁNDEZ','hazzy76@hotmail.com',NULL,'2016-A005'),(2013630106,'EDGAR','ALAVARADO','MUÑOZ','hazzy76@hotmail.com',NULL,'2016-A090'),(2013630107,'RICARDO DAEN','ÁLVAREZ','MORALES','hazzy76@hotmail.com',NULL,'2016-A084'),(2013630109,'GABRIELA','ANDRADE','SOL','hazzy76@hotmail.com',NULL,'2016-B037'),(2013630112,'DAFNE ITZAYANA','ANTELIZ','CENTENO','hazzy76@hotmail.com',NULL,'2016-A063'),(2013630113,'MARÍA ALEJANDRA','AQUINO','ROMERO','hazzy76@hotmail.com',NULL,'2016-A022'),(2013630115,'MAURICIO','ARGUETA','MACÍAS','hazzy76@hotmail.com',NULL,'2016-B078'),(2013630117,'SARAI','ATLIXQUEÑO','VELÁZQUEZ','hazzy76@hotmail.com',NULL,'2016-A027'),(2013630127,'CINTHIA PAOLA','BARRERA','PAREDES','hazzy76@hotmail.com',NULL,'2016-A042'),(2013630128,'JOSÉ DE JESÚS','BARRERA','PINEDA','hazzy76@hotmail.com',NULL,'2016-A039'),(2013630132,'CARLOS ALBERTO','BOLAÑOS','PULIDO','hazzy76@hotmail.com',NULL,'2016-A033'),(2013630135,'ERICK FABIAN','BRAVO','SARABIA','hazzy76@hotmail.com',NULL,'2016-B092'),(2013630144,'JUAN CARLOS','CÁRDENAS','PÉREZ','hazzy76@hotmail.com',NULL,'2016-B093'),(2013630151,'ERICK','CASTILLO','LUNA','hazzy76@hotmail.com',NULL,'2016-A033'),(2013630153,'DAVID','CISNEROS','CORTÉS','hazzy76@hotmail.com',NULL,'2016-B078'),(2013630157,'JUAN URIEL','CORDERO','BERISTÁIN','hazzy76@hotmail.com',NULL,'2016-A019'),(2013630159,'ALFONSO','CORDERO','VEGA','hazzy76@hotmail.com',NULL,'2016-B093'),(2013630160,'LORENA','CORONADO','GARCÍA','hazzy76@hotmail.com',NULL,'2016-A049'),(2013630162,'CARLOS GIBRAN','CORTES','CASTILLO','hazzy76@hotmail.com',NULL,'2016-A044'),(2013630164,'ÁNGEL','CRUZ','CONTRERAS','hazzy76@hotmail.com',NULL,'2016-B047'),(2013630169,'MARCO ANTONIO','CHAVEZ','AGUILAR','hazzy76@hotmail.com',NULL,'2016-A067'),(2013630172,'DALIA','DE FELIPE','VARGAS','hazzy76@hotmail.com',NULL,'2016-A058'),(2013630179,'BLANCA MONSERRAT','DÍAZ','MONROY','hazzy76@hotmail.com',NULL,'2016-A083'),(2013630185,'LEONEL FRANCISCO','ESCOBAR','OLIVARES','hazzy76@hotmail.com',NULL,'2016-A031'),(2013630190,'MARÍA ANEL','FARRERA','HERNÁNDEZ','hazzy76@hotmail.com',NULL,'2016-A036'),(2013630192,'OSVALDO','FLORES','CONTRERAS','hazzy76@hotmail.com',NULL,'2016-B096'),(2013630197,'ALAN JULIANNE','GACHUZ','MARTÍNEZ','hazzy76@hotmail.com',NULL,'2016-A063'),(2013630198,'ALAN EDUARDO','GARCÍA','MANCILLA','hazzy76@hotmail.com',NULL,'2016-A002'),(2013630211,'SERGIO','GRANADOS','SOLANO','hazzy76@hotmail.com',NULL,'2016-B052'),(2013630218,'ERIK DANIEL','GONZÁLEZ','MATA','hazzy76@hotmail.com',NULL,'2016-A003'),(2013630219,'HERIBERTO','GONZÁLEZ','PÉREZ','hazzy76@hotmail.com',NULL,'2016-B048'),(2013630222,'IVÁN','GORDILLO','PÉREZ','hazzy76@hotmail.com',NULL,'2016-A005'),(2013630223,'MARÍA ROCÍO','GUERRERO','GÓMEZ','hazzy76@hotmail.com',NULL,'2016-A042'),(2013630225,'ELIZABETH','GUERRERO','MADRIGAL','hazzy76@hotmail.com',NULL,'2016-A072'),(2013630228,'ULISES RAZIEL','GUZMÁN','DÍAZ','hazzy76@hotmail.com',NULL,'2016-A007'),(2013630234,'JESÚS','HERNÁNDEZ','LIBERATO','hazzy76@hotmail.com',NULL,'2016-B047'),(2013630235,'ANGÉLICA JAQUELINE','HERNÁNDEZ','LÓPEZ','hazzy76@hotmail.com',NULL,'2016-A041'),(2013630236,'EDUARDO','HERNÁNDEZ','LÓPEZ','hazzy76@hotmail.com',NULL,'2016-A068'),(2013630237,'SEBASTIAN','HERNÁNDEZ','LÓPEZ','hazzy76@hotmail.com',NULL,'2016-A067'),(2013630241,'JOSÉ ALBERTO','HERNÁNDEZ','SÁNCHEZ','hazzy76@hotmail.com',NULL,'2016-B093'),(2013630244,'EDGAR OMAR','HOYOS','ESTRADA','hazzy76@hotmail.com',NULL,'2016-B006'),(2013630246,'ROBERTO','HUERTA','PONCE','hazzy76@hotmail.com',NULL,'2016-A049'),(2013630248,'EDGAR IVÁN','HURTADO','GUZMÁN','hazzy76@hotmail.com',NULL,'2016-B113'),(2013630255,'ADRIÁN','JUÁREZ','MONROY','hazzy76@hotmail.com',NULL,'2016-A068'),(2013630264,'RICARDO','LÓPEZ','HERNÁNDEZ','hazzy76@hotmail.com',NULL,'2016-A007'),(2013630271,'DAVID','LUNA','HERNÁNDEZ','hazzy76@hotmail.com',NULL,'2016-B048'),(2013630279,'ODALYS','MARRÓN','SÁNCHEZ','hazzy76@hotmail.com',NULL,'2016-A083'),(2013630287,'IVÁN','MELÉNDEZ','ENRÍQUEZ','hazzy76@hotmail.com',NULL,'2016-B052'),(2013630289,'DAVID ORLANDO','MENDEZ','BARRETO','hazzy76@hotmail.com',NULL,'2016-B062'),(2013630290,'PABLO JESÚS','MENDOZA','CERON','hazzy76@hotmail.com',NULL,'2016-B048'),(2013630291,'CÉSAR','MENDOZA','FUENTES','hazzy76@hotmail.com',NULL,'2016-A080'),(2013630297,'MARCO ALDAIR','MEJÍA','RAMOS','hazzy76@hotmail.com',NULL,'2016-A039'),(2013630299,'ALAN VALERY','MINOR','LEYVA','hazzy76@hotmail.com',NULL,'2016-A041'),(2013630300,'JOSUÉ','MIRANDA','FALCÓN','hazzy76@hotmail.com',NULL,'2016-A003'),(2013630303,'CARLOS RODRIGO','MONTERROSAS','TORIZ','hazzy76@hotmail.com',NULL,'2016-B092'),(2013630311,'ERICK EDUARDO','MUÑOZ','GONZÁLEZ','hazzy76@hotmail.com',NULL,'2016-A021'),(2013630314,'ALEJANDRO JESÚS','NAVARRO','OCAÑA','hazzy76@hotmail.com',NULL,'2016-B115'),(2013630317,'ALAN RICARDO','NEGRETE','TORRES','hazzy76@hotmail.com',NULL,'2016-A041'),(2013630322,'RÚBEN','OLGUÍN','SÁNCHEZ','hazzy76@hotmail.com',NULL,'2016-A036'),(2013630330,'LUIS ENRIQUE','ORTIZ','MORENO','hazzy76@hotmail.com',NULL,'2016-B016'),(2013630335,'LUIS ÁNGEL','PÉREZ','MORENO','hazzy76@hotmail.com',NULL,'2016-A018'),(2013630340,'ROBERTO CARLOS','PEREZ','ESCAMILLA','hazzy76@hotmail.com',NULL,'2016-B042'),(2013630345,'OCTAVIO ELIAS','PIÑAL','RAMÍREZ','hazzy76@hotmail.com',NULL,'2016-B016'),(2013630346,'EDUARDO','PIÑA','GÓMEZ DEL CAMPO','hazzy76@hotmail.com',NULL,'2016-A050'),(2013630347,'BENJAMÍN','POSADAS','JUÁREZ','hazzy76@hotmail.com',NULL,'2016-B047'),(2013630351,'LUIS ANTONIO','QUINTERO','INFANTE','hazzy76@hotmail.com',NULL,'2016-B042'),(2013630357,'ANA RUBÍ','RAMÍREZ','GARCÍA','hazzy76@hotmail.com',NULL,'2016-B037'),(2013630359,'JESÚS JAVIER','RAMÍREZ','MARTÍNEZ','hazzy76@hotmail.com',NULL,'2016-B059'),(2013630360,'ABNER OMAR','CORTÉS','BONILA','hazzy76@hotmail.com',NULL,'2016-A019'),(2013630368,'ANTONIO DAVID','REYNA','MARTÍNEZ','hazzy76@hotmail.com',NULL,'2016-A001'),(2013630375,'MARCO ANTONIO','RODRÍGUEZ','PINEDA','hazzy76@hotmail.com',NULL,'2016-B078'),(2013630378,'CARLOS ALBERTO','ROJAS','BAUTISTA','hazzy76@hotmail.com',NULL,'2016-B048'),(2013630389,'ANA FERNANDA','SALAZAR','MALDONADO','hazzy76@hotmail.com',NULL,'2016-A044'),(2013630390,'KEVIN AXEL','SALINAS','RAMÍREZ','hazzy76@hotmail.com',NULL,'2016-A013'),(2013630394,'CARMEN MAYTEE','SÁNCHEZ','SALAZAR','hazzy76@hotmail.com',NULL,'2016-A058'),(2013630407,'DIEGO ARMANDO','TEOLOTITLA','JIMÉNEZ','hazzy76@hotmail.com',NULL,'2016-B059'),(2013630412,'DIEGO ALBERTO','TOVAR','RAZO','hazzy76@hotmail.com',NULL,'2016-A055'),(2013630420,'ANTONY BRANDON','VARGAS','DURAN','hazzy76@hotmail.com',NULL,'2016-A079'),(2013630424,'MAXIMILIANO','VÁZQUEZ','CASTAÑEDA','hazzy76@hotmail.com',NULL,'2016-A018'),(2013630426,'BRIAN YAEL','VEGA','REYNOSO','hazzy76@hotmail.com',NULL,'2016-A017'),(2013630434,'ALEJANDRO','VILLEGAS','BARRERA','hazzy76@hotmail.com',NULL,'2016-A071'),(2013630455,'BRANDON','GUADARRAMA','DURAN','hazzy76@hotmail.com',NULL,'2016-B057'),(2013630459,'DIANA','LÓPEZ','HERNÁNDEZ','hazzy76@hotmail.com',NULL,'2016-B065'),(2013630467,'ALEJANDRO','NORIEGA','MONTALBAN','hazzy76@hotmail.com',NULL,'2016-B005'),(2013630470,'MIRYAM','QUEZADA','AGUIRRE','hazzy76@hotmail.com',NULL,'2016-B072'),(2013630479,'JACQUELINE','HERNÁNDEZ','GARCÍA','hazzy76@hotmail.com',NULL,'2016-B122'),(2013630485,'RAÚL ISAAC','BARROETA','GARCÍA','hazzy76@hotmail.com',NULL,'2016-A031'),(2013630488,'SAMUEL','GARCÍA','CARMONA','hazzy76@hotmail.com',NULL,'2016-A017'),(2013630502,'HIRAM DAVID','CORTÉS','DÍAZ','hazzy76@hotmail.com',NULL,'2016-B016'),(2013630506,'AYRTÓN','CASTREJÓN','FERNÁNDEZ','hazzy76@hotmail.com',NULL,'2016-B065'),(2013630511,'BRENDA MIREL','AVALOS','REYES','hazzy76@hotmail.com',NULL,'2016-A006'),(2013630514,'LUIS BENJAMÍN','RODRÍGUEZ','FARRERA','hazzy76@hotmail.com',NULL,'2016-B065'),(2013630522,'IVÁN RAMSÉS','MARTÍNEZ','PONCE','hazzy76@hotmail.com',NULL,'2016-A016'),(2013630533,'FÁTIMA PATRICIA','PICÓN','PÉREZ','hazzy76@hotmail.com',NULL,'2016-B093'),(2013630534,'MARIO ISAAC','MORENO','MÉNDEZ','hazzy76@hotmail.com',NULL,'2016-B052'),(2013630540,'BEURIE GERARDO','REYES','GAYTÁN','hazzy76@hotmail.com',NULL,'2016-A071'),(2013630542,'MIGUEL ÁNGEL','PÉREZ','COLULA','hazzy76@hotmail.com',NULL,'2016-A007'),(2013630550,'BRENDA','HERNÁNDEZ','RODRÍGUEZ','hazzy76@hotmail.com',NULL,'2016-B059'),(2013630553,'ER RAMANI','VELASCO','ROSETE','hazzy76@hotmail.com',NULL,'2016-A004'),(2013630554,'RUBÉN','BAEZA','COLÍN','hazzy76@hotmail.com',NULL,'2016-A003'),(2013630563,'AIDE','SUAREZ','RETANA','hazzy76@hotmail.com',NULL,'2016-A050'),(2013630566,'CARLOS EDUARDO','PINEDA','HERNÁNDEZ','hazzy76@hotmail.com',NULL,'2016-B086'),(2013630572,'ALEJANDRO URIEL','SÁNCHEZ','SALAS','hazzy76@hotmail.com',NULL,'2016-B126'),(2013630581,'RAFAEL RODRIGO','RAMO','JACOBO','hazzy76@hotmail.com',NULL,'2016-A009'),(2013630582,'ANTONIO','RAMÍREZ','HERNÁNDEZ','hazzy76@hotmail.com',NULL,'2016-B028'),(2014300853,'ERIK RODRIGO','HERNÁNDEZ','TORRES','hazzy76@hotmail.com',NULL,'2016-B102'),(2014302194,'DIEGO','GARCÍA','MARTÍNEZ','hazzy76@hotmail.com',NULL,'2016-B102'),(2014330415,'EDGAR AUGUSTO','SANTIAGO','NIEVES','hazzy76@hotmail.com',NULL,'2016-B018'),(2014600032,'ALEJANDRA','ALANIS','GUERRERO','hazzy76@hotmail.com',NULL,'2016-B102'),(2014630003,'LUIS NEZIJ','AGUILAR','ISLAS','hazzy76@hotmail.com',NULL,'2016-B034'),(2014630007,'EDER JONATHAN','AGUIRRE','CREZ','hazzy76@hotmail.com',NULL,'2016-B045'),(2014630023,'ETHIAN GABRIEL IRVING','ÁNGELES','DE LA CRUZ','hazzy76@hotmail.com',NULL,'2016-B035'),(2014630026,'ALEJANDRO','ARANDA','PARRA','hazzy76@hotmail.com',NULL,'2016-B019'),(2014630038,'NARDA AIXEL','BALLESTERO','REYES','hazzy76@hotmail.com',NULL,'2016-B043'),(2014630044,'RODRIGO','BAUTISTA','RAMÍREZ','hazzy76@hotmail.com',NULL,'2016-B017'),(2014630047,'FELIPE','BENÍTEZ','FÉLIX','hazzy76@hotmail.com',NULL,'2016-B061'),(2014630048,'JESÚS','BENÍTEZ','FÉLIX','hazzy76@hotmail.com',NULL,'2016-B061'),(2014630052,'ALEJANDRA','BLANCO','ALVAREZ','hazzy76@hotmail.com',NULL,'2016-B081'),(2014630061,'NATHANIEL','CABRERA','HERRERA','hazzy76@hotmail.com',NULL,'2016-B095'),(2014630062,'MOISÉS','CABRERA','MARTÍNEZ','hazzy76@hotmail.com',NULL,'2016-B082'),(2014630065,'ROBERTO JESÚS ISMAEL','CADENA','SÁNCHEZ','hazzy76@hotmail.com',NULL,'2016-B038'),(2014630067,'JUAN LEONARDO','CALDERÓN','PÉREZ','hazzy76@hotmail.com',NULL,'2016-A047'),(2014630075,'VICTOR HUGO','CARDENAS','CASTILLO','hazzy76@hotmail.com',NULL,'2016-B009'),(2014630077,'JUAN CARLOS','CARRERA','REYES','hazzy76@hotmail.com',NULL,'2016-B023'),(2014630079,'MARIO ALBERTO','CARRILLO','MALDONADO','hazzy76@hotmail.com',NULL,'2016-A070'),(2014630082,'MARIO GIOVANY','CASTELLANOS','GUILLÉN','hazzy76@hotmail.com',NULL,'2016-B091'),(2014630088,'JORGE ARMANDO','CAZARES','CURIEL','hazzy76@hotmail.com',NULL,'2016-B030'),(2014630114,'ALEJANDRA MELINA','CUADRA','CAMACHO','hazzy76@hotmail.com',NULL,'2016-B013'),(2014630116,'BRYAN JOSEPH','DE JESÚS','HERNÁNDEZ','hazzy76@hotmail.com',NULL,'2016-B082'),(2014630122,'DANIEL ELIHU','DÍAZ','DELGADO','hazzy76@hotmail.com',NULL,'2016-B015'),(2014630123,'JUAN GERARDO','DIAZ','RODARTE','hazzy76@hotmail.com',NULL,'2016-B030'),(2014630134,'VICTORIA ALEJANDRA','ESPINOSA','GONZÁLEZ','hazzy76@hotmail.com',NULL,'2016-B031'),(2014630136,'JUAN CARLOS','ESQUIVIAS','RAMÍREZ','hazzy76@hotmail.com',NULL,'2016-B071'),(2014630141,'NOE','EUSTAQUIO','SANCHEZ','hazzy76@hotmail.com',NULL,'2016-A078'),(2014630147,'LUIS ANTONIO','FLORES','ARRIAGA','hazzy76@hotmail.com',NULL,'2016-B014'),(2014630148,'FLORES GÁNDARA','KATHERINE','ALELÍ','hazzy76@hotmail.com',NULL,'2016-B019'),(2014630156,'SERGIO ISRAEL','FONSECA','CASAO','hazzy76@hotmail.com',NULL,'2016-B089'),(2014630161,'DANIEL','FUENTES','HERRERA','hazzy76@hotmail.com',NULL,'2016-B112'),(2014630168,'DOMINGUEZ','DANIEL','GARCIA','hazzy76@hotmail.com',NULL,'2016-B003'),(2014630174,'JUAN CARLOS','GARCÍA','MARTÍNEZ','hazzy76@hotmail.com',NULL,'2016-A070'),(2014630178,'ISRAEL','GARCÍA','RAMÍREZ','hazzy76@hotmail.com',NULL,'2016-B089'),(2014630184,'TENOCH ALBERTO','GIRÓN','ACOSTA','hazzy76@hotmail.com',NULL,'2016-B050'),(2014630194,'EDWIN','GONZÁLEZ','ORTA','hazzy76@hotmail.com',NULL,'2016-B040'),(2014630197,'LUIS ÁNGEL','GRANADOS','DÍAZ','hazzy76@hotmail.com',NULL,'2016-B029'),(2014630202,'CARLOS','GUTIÉRREZ','GALLARDO','hazzy76@hotmail.com',NULL,'2016-B091'),(2014630209,'FRANCISCO JAVIER','HERNÁNDEZ','CERVANTES','hazzy76@hotmail.com',NULL,'2016-B043'),(2014630218,'JUANA MONSERRAT','HERNÁNDEZ','NAVARRO','hazzy76@hotmail.com',NULL,'2016-B028'),(2014630222,'JAIR SAID','HERNÁNDEZ','REYES','hazzy76@hotmail.com',NULL,'2016-B076'),(2014630224,'ADRÍAN ALEJANDRO','HERNÁNDEZ','VEGA','hazzy76@hotmail.com',NULL,'2016-B017'),(2014630231,'ALAN MAURICIO','HUERTA','CORTES','hazzy76@hotmail.com',NULL,'2016-B027'),(2014630237,'ADRIÁN','JIMÉNEZ','CASILLAS','hazzy76@hotmail.com',NULL,'2016-B071'),(2014630239,'EDSON','JIMÉNEZ','GUZMÁN','hazzy76@hotmail.com',NULL,'2016-B036'),(2014630243,'NORMA LARISSA','JIMÉNEZ','SAMANIEGO','hazzy76@hotmail.com',NULL,'2016-B095'),(2014630244,'JUAN CARLOS','JIRÓN','JUÁREZ','hazzy76@hotmail.com',NULL,'2016-B091'),(2014630247,'SERGIO EDUARDO','JUAREZ','MARTÍNEZ','hazzy76@hotmail.com',NULL,'2016-B044'),(2014630255,'GARCÍA','MARTIN','LONELÍ','hazzy76@hotmail.com',NULL,'2016-B001'),(2014630257,'DIEGO','LÓPEZ','ARCOS','hazzy76@hotmail.com',NULL,'2016-B077'),(2014630261,'NOÉ MARCELINO','LÓPEZ','HERNÁNDEZ','hazzy76@hotmail.com',NULL,'2016-B082'),(2014630263,'JAIR ALAN','LÓPEZ','LARA','hazzy76@hotmail.com',NULL,'2016-A047'),(2014630274,'SANTIAGO MARIANO','LÓPEZ','CHINA','hazzy76@hotmail.com',NULL,'2016-B029'),(2014630281,'ALBERTO','MALDONADO','ROMO','hazzy76@hotmail.com',NULL,'2016-B004'),(2014630283,'CÉSAR IVÁN','MANZANO','MENDOZA','hazzy76@hotmail.com',NULL,'2016-B044'),(2014630286,'ALEXIS DAVID','MARCOS','CRUZ','hazzy76@hotmail.com',NULL,'2016-B027'),(2014630288,'IVÁN','MARISCAL','AVEDAÑO','hazzy76@hotmail.com',NULL,'2016-B024'),(2014630290,'ESTEBAN DARIO','MARROQUÍN','TETLALMATZI','hazzy76@hotmail.com',NULL,'2016-B035'),(2014630294,'ADRIANA LETICIA','MARTINEZ','ESTRADA','hazzy76@hotmail.com',NULL,'2016-B033'),(2014630302,'EGDAR JONATHAN','MARTÍNEZ','RODRÍGUEZ','hazzy76@hotmail.com',NULL,'2016-B020'),(2014630303,'EMMANUEL','MARTÍNEZ','RODRIGUEZ','hazzy76@hotmail.com',NULL,'2016-B081'),(2014630315,'GABRIEL','MENDOZA','RUIZ','hazzy76@hotmail.com',NULL,'2016-B024'),(2014630317,'JUAN','MEXICA','CONTRERAS','hazzy76@hotmail.com',NULL,'2016-B040'),(2014630324,'BRENDA','MIRANDA','VILCHIS','hazzy76@hotmail.com',NULL,'2016-B031'),(2014630332,'ESTEBAN','MORALES','CISNEROS','hazzy76@hotmail.com',NULL,'2016-B076'),(2014630342,'VICTOR GIBRÁN','MORENO','ZÁRATE','hazzy76@hotmail.com',NULL,'2016-B009'),(2014630357,'RICARDO','OROZCO','SOTO','hazzy76@hotmail.com',NULL,'2016-B046'),(2014630360,'ALEXIS ALAN','OSNAYA','GÓMEZ','hazzy76@hotmail.com',NULL,'2016-B018'),(2014630375,'PÉREZ DÍAZ','TÁBATHA','NAOMI','hazzy76@hotmail.com',NULL,'2016-B002'),(2014630378,'DAVID','PÉREZ','MARTÍNEZ','hazzy76@hotmail.com',NULL,'2016-B032'),(2014630384,'JORGE ARMANDO','PORRAS','VELÁZQUEZ','hazzy76@hotmail.com',NULL,'2016-B030'),(2014630387,'HAROLD ANTONIO','PRADO','GARCÍA','hazzy76@hotmail.com',NULL,'2016-A056'),(2014630389,'RICARDO','QUIÑONES','BARRÓN','hazzy76@hotmail.com',NULL,'2016-B095'),(2014630391,'ABIGAIL ADORAIM','RAMÍREZ','AGUILAR','hazzy76@hotmail.com',NULL,'2016-B056'),(2014630392,'MARÍA DE LOS ANGELES','RAMÍREZ','CERRITOS','hazzy76@hotmail.com',NULL,'2016-B022'),(2014630398,'ANA KAREN','RAMÍREZ','TEXIS','hazzy76@hotmail.com',NULL,'2016-B067'),(2014630399,'PAULINO DANIEL','RAMÍREZ','TORRES','hazzy76@hotmail.com',NULL,'2016-B088'),(2014630404,'MARÍA FERNANDA','RAMOS','MADÍN','hazzy76@hotmail.com',NULL,'2016-B028'),(2014630409,'EDWIN ARTURO','REBOLLAR','RIVERA','hazzy76@hotmail.com',NULL,'2016-B055'),(2014630410,'EDNA YAZMIN','RESÉNDIZ','RESÉNDIZ','hazzy76@hotmail.com',NULL,'2016-B055'),(2014630416,'SAUL IVAN','RIVAS','VEGA','hazzy76@hotmail.com',NULL,'2016-B046'),(2014630419,'KARINA','ROBLEDO','HERNÁNDEZ','hazzy76@hotmail.com',NULL,'2016-A012'),(2014630423,'ORLANDO','ROCHA','MONTIEL','hazzy76@hotmail.com',NULL,'2016-B021'),(2014630431,'GERARDO','RODRÍGUEZ','TORRES','hazzy76@hotmail.com',NULL,'2016-B056'),(2014630438,'ARGUMEDO','ERON','ROMERO','hazzy76@hotmail.com',NULL,'2016-B002'),(2014630441,'ANDRÉS','IRETA','RAMALES','hazzy76@hotmail.com',NULL,'2016-B112'),(2014630443,'ALEJANDRO','ROSALES','ARZOLA','hazzy76@hotmail.com',NULL,'2016-B020'),(2014630444,'GERARDO DANIEL','ROMERO','RUBIO','hazzy76@hotmail.com',NULL,'2016-B112'),(2014630449,'KARINA BINIZA','SALAYANDÍA','SALINAS','hazzy76@hotmail.com',NULL,'2016-A056'),(2014630452,'GABRIELA','SALDAÑA','AGUILAR','hazzy76@hotmail.com',NULL,'2016-B013'),(2014630460,'GUADALUPE ELIZABETH','SÁNCHEZ','LÓPEZ','hazzy76@hotmail.com',NULL,'2016-B067'),(2014630471,'JONATHAN ALBERTO','SANTIAGO','RODRÍGUEZ','hazzy76@hotmail.com',NULL,'2016-B007'),(2014630475,'JESÚS','SAUCEDO','PÉREZ','hazzy76@hotmail.com',NULL,'2016-B022'),(2014630476,'JHONATAN','SAULÉS','CORTÉS','hazzy76@hotmail.com',NULL,'2016-B045'),(2014630481,'GERARDO ISMAEL','SOLÍS','GARRIDO','hazzy76@hotmail.com',NULL,'2016-A004'),(2014630485,'STEVEN','SOTO','VÁZQUEZ','hazzy76@hotmail.com',NULL,'2016-B029'),(2014630499,'FRANCISCO','TREJO','MARTÍNEZ','hazzy76@hotmail.com',NULL,'2016-B021'),(2014630500,'HÉCTOR','UGALDE','BARRÓN','hazzy76@hotmail.com',NULL,'2016-B075'),(2014630502,'ALEXIS','URIARTE','REYES','hazzy76@hotmail.com',NULL,'2016-B082'),(2014630505,'GEOVANNI','VALDIVIESO','SÁNCHEZ','hazzy76@hotmail.com',NULL,'2016-B032'),(2014630519,'GABRIEL','VELASCO','ROJAS','hazzy76@hotmail.com',NULL,'2016-B055'),(2014630523,'RAÚL','VERA','ORTEGA','hazzy76@hotmail.com',NULL,'2016-A055'),(2014630532,'EDGAR','ZÁRATE','CASTILLO','hazzy76@hotmail.com',NULL,'2016-B066'),(2014630536,'URIBE','BRIAN','ZUÑIGA','hazzy76@hotmail.com',NULL,'2016-B001'),(2014630546,'SEBASTIÁN','CASILLAS','PÉREZ','hazzy76@hotmail.com',NULL,'2016-B036'),(2014630548,'BRANDON IVÁN','CELIS','VÁZQUEZ','hazzy76@hotmail.com',NULL,'2016-B075'),(2014630571,'ALEJANDRO ALBERTO','LEÓN','DÍAZ','hazzy76@hotmail.com',NULL,'2016-B018'),(2014630572,'FERNANDO','LÓPEZ','CALIXTO','hazzy76@hotmail.com',NULL,'2016-B067'),(2014630578,'ALFREDO','MONTIEL','SÁNCHEZ','hazzy76@hotmail.com',NULL,'2016-B036'),(2014630580,'DANIEL','NAVA','MARTÍNEZ','hazzy76@hotmail.com',NULL,'2016-B007'),(2014630582,'ALEMÁN','ALAIN','PACCHIANO','hazzy76@hotmail.com',NULL,'2016-B001'),(2014630591,'JOSÉ ALBERTO','RIOS','LÓPEZ','hazzy76@hotmail.com',NULL,'2016-B018'),(2014630594,'DIEGO','RODRIGUEZ','MONDRAGÓN','hazzy76@hotmail.com',NULL,'2016-B010'),(2014630602,'ALEJANDRO','SANTAMARÍA','CANSECO','hazzy76@hotmail.com',NULL,'2016-B066'),(2014630608,'JUAN','TORRES','HERNANDEZ','hazzy76@hotmail.com',NULL,'2016-A078'),(2014630635,'VERÓNICA','MATA','RAMÍREZ','hazzy76@hotmail.com',NULL,'2016-B015');
/*!40000 ALTER TABLE `alumno` ENABLE KEYS */;
UNLOCK TABLES;

--
-- Table structure for table `calendario`
--

DROP TABLE IF EXISTS `calendario`;
/*!40101 SET @saved_cs_client     = @@character_set_client */;
/*!40101 SET character_set_client = utf8 */;
CREATE TABLE `calendario` (
  `IdTT` varchar(9) NOT NULL,
  `Fecha` datetime NOT NULL,
  `IdSala` int(11) NOT NULL,
  `Opcion` int(11) NOT NULL,
  PRIMARY KEY (`IdTT`),
  KEY `IdSala` (`IdSala`),
  CONSTRAINT `CALENDARIO_ibfk_1` FOREIGN KEY (`IdTT`) REFERENCES `tt` (`IdTT`) ON DELETE CASCADE ON UPDATE CASCADE,
  CONSTRAINT `CALENDARIO_ibfk_2` FOREIGN KEY (`IdSala`) REFERENCES `sala` (`IdSala`) ON DELETE CASCADE ON UPDATE CASCADE
) ENGINE=InnoDB DEFAULT CHARSET=latin1;
/*!40101 SET character_set_client = @saved_cs_client */;

--
-- Dumping data for table `calendario`
--

LOCK TABLES `calendario` WRITE;
/*!40000 ALTER TABLE `calendario` DISABLE KEYS */;
INSERT INTO `calendario` VALUES ('2015-B117','2017-05-08 14:00:33',1,1),('2016-A001','2017-05-25 14:00:33',1,1),('2016-A002','2017-06-02 10:00:33',2,1),('2016-A003','2017-05-24 14:00:33',7,1),('2016-A004','2017-05-22 10:00:33',2,1),('2016-A005','2017-05-20 12:00:33',6,1),('2016-A006','2017-05-24 10:00:33',7,1),('2016-A007','2017-05-26 10:00:33',1,1),('2016-A009','2017-05-22 14:00:33',2,1),('2016-A010','2017-05-23 14:00:33',1,1),('2016-A012','2017-05-26 10:00:33',2,1),('2016-A013','2017-05-05 14:00:33',2,1),('2016-A015','2017-05-19 12:00:33',2,1),('2016-A016','2017-06-02 12:00:33',1,1),('2016-A017','2017-05-26 12:00:33',2,1),('2016-A018','2017-05-29 10:00:33',2,1),('2016-A019','2017-05-24 10:00:33',2,1),('2016-A020','2017-06-01 10:00:33',2,1),('2016-A021','2017-06-02 14:00:33',2,1),('2016-A022','2017-05-25 12:00:33',7,1),('2016-A023','2017-05-25 10:00:33',1,1),('2016-A024','2017-05-31 14:00:33',7,1),('2016-A025','2017-05-30 14:00:33',1,1),('2016-A026','2017-05-19 10:00:33',2,1),('2016-A027','2017-05-31 10:00:33',1,1),('2016-A028','2017-05-22 12:00:33',1,1),('2016-A031','2017-05-23 12:00:33',2,1),('2016-A033','2017-05-31 12:00:33',1,1),('2016-A034','2017-05-20 12:00:33',3,1),('2016-A036','2017-05-25 12:00:33',1,1),('2016-A037','2017-06-01 12:00:33',2,1),('2016-A038','2017-05-24 10:00:33',1,1),('2016-A039','2017-05-31 14:00:33',2,1),('2016-A041','2017-06-02 14:00:33',1,1),('2016-A042','2017-06-05 12:00:33',1,1),('2016-A043','2017-05-19 14:00:33',4,1),('2016-A044','2017-05-31 14:00:33',1,1),('2016-A045','2017-05-25 14:00:33',2,1),('2016-A046','2017-05-22 10:00:33',1,1),('2016-A047','2017-05-23 12:00:33',1,1),('2016-A048','2017-05-30 10:00:33',2,1),('2016-A049','2017-06-02 12:00:33',2,1),('2016-A050','2017-05-30 14:00:33',2,1),('2016-A051','2017-05-31 10:00:33',2,1),('2016-A052','2017-05-31 12:00:33',2,1),('2016-A054','2017-05-29 14:00:33',2,1),('2016-A055','2017-05-25 10:00:33',2,1),('2016-A056','2017-05-29 10:00:33',6,1),('2016-A058','2017-06-01 14:00:33',1,1),('2016-A059','2017-05-27 10:00:33',1,1),('2016-A060','2017-06-02 10:00:33',1,1),('2016-A063','2017-06-25 14:00:33',2,1),('2016-A065','2017-06-05 14:00:33',1,1),('2016-A066','2017-05-24 14:00:33',2,1),('2016-A067','2017-06-05 12:00:33',2,1),('2016-A068','2017-06-01 10:00:33',1,1),('2016-A070','2017-05-22 14:00:33',1,1),('2016-A071','2017-05-23 10:00:33',1,1),('2016-A072','2017-06-01 12:00:33',1,1),('2016-A074','2017-06-01 14:00:33',2,1),('2016-A075','2017-05-29 12:00:33',1,1),('2016-A076','2017-05-29 12:00:33',2,1),('2016-A078','2017-05-24 12:00:33',1,1),('2016-A079','2017-05-28 12:00:33',1,1),('2016-A080','2017-05-25 12:00:33',2,1),('2016-A081','2017-05-19 14:00:33',2,1),('2016-A083','2017-05-30 10:00:33',1,1),('2016-A084','2017-05-29 10:00:33',1,1),('2016-A086','2017-06-05 10:00:33',1,1),('2016-A087','2017-05-30 12:00:33',2,1),('2016-A088','2017-05-27 12:00:33',3,1),('2016-A090','2017-05-26 14:00:33',1,1),('2016-B001','2017-05-12 10:00:33',1,1),('2016-B002','2017-05-09 12:00:33',2,1),('2016-B003','2017-05-05 10:00:33',2,1),('2016-B004','2017-05-11 12:00:33',2,1),('2016-B005','2017-05-05 12:00:33',1,1),('2016-B006','2017-05-05 14:00:33',1,1),('2016-B007','2017-05-12 14:00:33',1,1),('2016-B009','2017-05-02 10:00:33',2,1),('2016-B010','2017-05-02 12:00:33',1,1),('2016-B011','2017-05-05 10:00:33',3,1),('2016-B013','2017-05-12 14:00:33',2,1),('2016-B014','2017-05-15 10:00:33',3,1),('2016-B015','2017-05-02 10:00:33',1,1),('2016-B016','2017-05-08 10:00:33',3,1),('2016-B017','2017-05-11 10:00:33',3,1),('2016-B018','2017-05-13 14:00:33',2,1),('2016-B019','2017-05-10 12:00:33',2,1),('2016-B020','2017-05-05 10:00:33',1,1),('2016-B021','2017-05-15 14:00:33',3,1),('2016-B022','2017-05-04 10:00:33',2,1),('2016-B023','2017-05-10 14:00:33',1,1),('2016-B024','2017-05-02 12:00:33',2,1),('2016-B025','2017-05-04 14:00:33',3,1),('2016-B027','2017-05-03 12:00:33',1,1),('2016-B028','2017-05-08 12:00:33',3,1),('2016-B029','2017-05-10 12:00:33',5,1),('2016-B030','2017-05-09 10:00:33',7,1),('2016-B031','2017-05-06 12:00:33',7,1),('2016-B032','2017-05-11 10:00:33',2,1),('2016-B033','2017-05-09 14:00:33',2,1),('2016-B034','2017-05-03 14:00:33',8,1),('2016-B035','2017-05-04 10:00:33',3,1),('2016-B036','2017-05-04 12:00:33',2,1),('2016-B037','2017-05-05 12:00:33',3,1),('2016-B038','2017-05-10 10:00:33',5,1),('2016-B039','2017-05-08 12:00:33',2,1),('2016-B040','2017-05-10 10:00:33',2,1),('2016-B042','2017-05-03 12:00:33',3,1),('2016-B043','2017-05-16 10:00:33',1,1),('2016-B044','2017-05-09 12:00:33',3,1),('2016-B045','2017-05-17 12:00:33',1,1),('2016-B046','2017-05-13 10:00:33',3,1),('2016-B047','2017-05-09 14:00:33',1,1),('2016-B048','2017-05-15 14:00:33',1,1),('2016-B050','2017-05-03 12:00:33',7,1),('2016-B051','2017-05-12 14:00:33',3,1),('2016-B052','2017-05-10 10:00:33',1,1),('2016-B055','2017-05-15 12:00:33',2,1),('2016-B056','2017-05-17 12:00:33',2,1),('2016-B057','2017-05-10 12:00:33',1,1),('2016-B059','2017-05-03 10:00:33',3,1),('2016-B060','2017-05-15 14:00:33',2,1),('2016-B061','2017-05-08 10:00:33',2,1),('2016-B062','2017-05-16 14:00:33',1,1),('2016-B064','2017-05-11 14:00:33',1,1),('2016-B065','2017-05-03 14:00:33',1,1),('2016-B066','2017-05-04 12:00:33',3,1),('2016-B067','2017-05-05 14:00:33',2,1),('2016-B068','2017-05-05 14:00:33',3,1),('2016-B071','2017-05-16 10:00:33',2,1),('2016-B072','2017-05-11 12:00:33',3,1),('2016-B074','2017-05-08 14:00:33',2,1),('2016-B075','2017-05-03 14:00:33',3,1),('2016-B076','2017-05-17 14:00:33',1,1),('2016-B077','2017-05-06 10:00:33',7,1),('2016-B078','2017-05-02 12:00:33',3,1),('2016-B079','2017-05-11 14:00:33',2,1),('2016-B081','2017-05-16 12:00:33',2,1),('2016-B082','2017-05-09 10:00:33',8,1),('2016-B083','2017-05-13 12:00:33',1,1),('2016-B086','2017-05-03 10:00:33',1,1),('2016-B088','2017-05-03 12:00:33',2,1),('2016-B089','2017-05-17 10:00:33',1,1),('2016-B091','2017-05-12 12:00:33',2,1),('2016-B092','2017-05-04 14:00:33',1,1),('2016-B093','2017-05-12 10:00:33',3,1),('2016-B095','2017-05-17 14:00:33',2,1),('2016-B096','2017-05-15 12:00:33',3,1),('2016-B099','2017-05-03 14:00:33',2,1),('2016-B101','2017-05-12 10:00:33',2,1),('2016-B102','2017-05-09 12:00:33',6,1),('2016-B103','2017-05-11 10:00:33',1,1),('2016-B104','2017-05-09 10:00:33',2,1),('2016-B105','2017-05-08 14:00:33',3,1),('2016-B106','2017-05-10 12:00:33',3,1),('2016-B107','2017-05-04 14:00:33',2,1),('2016-B111','2017-05-15 10:00:33',1,1),('2016-B112','2017-05-04 10:00:33',1,1),('2016-B113','2017-05-02 14:00:33',3,1),('2016-B114','2017-05-04 12:00:33',1,1),('2016-B115','2017-05-15 10:00:33',2,1),('2016-B119','2017-05-10 10:00:33',3,1),('2016-B120','2017-05-02 14:00:33',1,1),('2016-B121','2017-05-17 10:00:33',2,1),('2016-B122','2017-05-12 12:00:33',1,1),('2016-B123','2017-05-11 12:00:33',1,1),('2016-B124','2017-05-09 14:00:33',3,1),('2016-B126','2017-05-10 14:00:33',3,1),('2016-B127','2017-05-16 14:00:33',2,1),('2016-B128','2017-05-16 12:00:33',1,1);
/*!40000 ALTER TABLE `calendario` ENABLE KEYS */;
UNLOCK TABLES;

--
-- Table structure for table `dirige`
--

DROP TABLE IF EXISTS `dirige`;
/*!40101 SET @saved_cs_client     = @@character_set_client */;
/*!40101 SET character_set_client = utf8 */;
CREATE TABLE `dirige` (
  `IdTT` varchar(9) NOT NULL,
  `D1` int(11) NOT NULL,
  `D2` int(11) DEFAULT NULL,
  PRIMARY KEY (`IdTT`),
  KEY `D1` (`D1`),
  KEY `D2` (`D2`),
  CONSTRAINT `DIRIGE_ibfk_1` FOREIGN KEY (`D1`) REFERENCES `profesor` (`IdProfesor`) ON DELETE CASCADE ON UPDATE CASCADE,
  CONSTRAINT `DIRIGE_ibfk_2` FOREIGN KEY (`D2`) REFERENCES `profesor` (`IdProfesor`) ON DELETE CASCADE ON UPDATE CASCADE
) ENGINE=InnoDB DEFAULT CHARSET=latin1;
/*!40101 SET character_set_client = @saved_cs_client */;

--
-- Dumping data for table `dirige`
--

LOCK TABLES `dirige` WRITE;
/*!40000 ALTER TABLE `dirige` DISABLE KEYS */;
INSERT INTO `dirige` VALUES ('17-2-0001',60,98),('17-2-0004',10,124),('17-2-0006',125,16),('17-2-0008',12,204),('17-2-0009',24,65),('17-2-0010',25,220),('17-2-0011',219,45),('17-2-0012',221,77),('17-2-0013',105,204),('17-2-0014',108,120),('17-2-0016',111,79),('17-2-0018',223,28),('2015-B117',35,52),('2016-A001',132,NULL),('2016-A002',16,110),('2016-A003',52,36),('2016-A004',110,126),('2016-A005',150,NULL),('2016-A006',67,203),('2016-A007',204,205),('2016-A009',204,126),('2016-A010',55,183),('2016-A012',184,150),('2016-A013',110,9),('2016-A015',50,25),('2016-A016',206,207),('2016-A017',206,207),('2016-A018',83,92),('2016-A019',179,83),('2016-A020',161,132),('2016-A021',50,NULL),('2016-A022',208,NULL),('2016-A023',10,124),('2016-A024',55,92),('2016-A025',184,NULL),('2016-A026',87,209),('2016-A027',142,55),('2016-A028',83,210),('2016-A031',138,132),('2016-A033',38,NULL),('2016-A034',33,166),('2016-A036',82,92),('2016-A037',161,128),('2016-A038',144,30),('2016-A039',150,196),('2016-A041',25,137),('2016-A042',142,92),('2016-A043',46,137),('2016-A044',170,178),('2016-A045',184,NULL),('2016-A046',211,6),('2016-A047',178,184),('2016-A048',33,138),('2016-A049',142,212),('2016-A050',25,46),('2016-A051',179,208),('2016-A052',35,161),('2016-A054',86,15),('2016-A055',52,36),('2016-A056',68,172),('2016-A058',96,213),('2016-A059',137,NULL),('2016-A060',10,214),('2016-A063',142,NULL),('2016-A065',200,132),('2016-A066',99,NULL),('2016-A067',68,215),('2016-A068',119,45),('2016-A070',28,NULL),('2016-A071',18,25),('2016-A072',204,157),('2016-A074',72,35),('2016-A075',216,25),('2016-A076',15,86),('2016-A078',28,NULL),('2016-A079',126,111),('2016-A080',15,166),('2016-A081',65,213),('2016-A083',142,110),('2016-A084',87,26),('2016-A086',142,92),('2016-A087',129,218),('2016-A088',44,123),('2016-A090',65,213),('2016-B001',108,180),('2016-B002',35,141),('2016-B003',164,147),('2016-B004',25,64),('2016-B005',25,224),('2016-B006',52,36),('2016-B007',164,147),('2016-B009',50,132),('2016-B010',140,NULL),('2016-B011',37,NULL),('2016-B013',184,141),('2016-B014',164,147),('2016-B015',154,225),('2016-B016',222,123),('2016-B017',132,NULL),('2016-B018',164,64),('2016-B019',52,36),('2016-B020',82,NULL),('2016-B021',38,37),('2016-B022',140,35),('2016-B023',154,NULL),('2016-B024',154,NULL),('2016-B025',15,16),('2016-B027',82,190),('2016-B028',52,36),('2016-B029',37,131),('2016-B030',141,24),('2016-B031',25,150),('2016-B032',116,219),('2016-B033',52,36),('2016-B034',37,131),('2016-B035',190,219),('2016-B036',110,144),('2016-B037',161,135),('2016-B038',37,131),('2016-B039',67,203),('2016-B040',206,207),('2016-B042',137,NULL),('2016-B043',35,NULL),('2016-B044',96,NULL),('2016-B045',50,NULL),('2016-B046',164,64),('2016-B047',161,178),('2016-B048',224,219),('2016-B050',116,51),('2016-B051',107,NULL),('2016-B052',39,NULL),('2016-B055',93,204),('2016-B056',35,215),('2016-B057',38,NULL),('2016-B059',93,NULL),('2016-B060',28,NULL),('2016-B061',164,147),('2016-B062',219,216),('2016-B064',226,224),('2016-B065',219,224),('2016-B066',39,NULL),('2016-B067',206,207),('2016-B068',108,227),('2016-B071',162,143),('2016-B072',11,204),('2016-B074',36,NULL),('2016-B075',120,61),('2016-B076',108,NULL),('2016-B077',64,NULL),('2016-B078',39,38),('2016-B079',178,NULL),('2016-B081',141,215),('2016-B082',25,48),('2016-B083',153,208),('2016-B086',195,207),('2016-B088',206,NULL),('2016-B089',204,178),('2016-B091',228,86),('2016-B092',107,43),('2016-B093',229,153),('2016-B095',65,103),('2016-B096',230,150),('2016-B099',35,NULL),('2016-B101',79,10),('2016-B102',26,NULL),('2016-B103',206,NULL),('2016-B104',110,NULL),('2016-B105',168,140),('2016-B106',15,86),('2016-B107',172,231),('2016-B111',92,232),('2016-B112',39,NULL),('2016-B113',76,NULL),('2016-B114',92,232),('2016-B115',86,NULL),('2016-B119',137,16),('2016-B120',233,123),('2016-B121',224,179),('2016-B122',79,10),('2016-B123',153,217),('2016-B124',55,124),('2016-B126',15,86),('2016-B127',183,61),('2016-B128',137,9);
/*!40000 ALTER TABLE `dirige` ENABLE KEYS */;
UNLOCK TABLES;

--
-- Table structure for table `horario`
--

DROP TABLE IF EXISTS `horario`;
/*!40101 SET @saved_cs_client     = @@character_set_client */;
/*!40101 SET character_set_client = utf8 */;
CREATE TABLE `horario` (
  `IdHorario` int(11) NOT NULL AUTO_INCREMENT,
  `Lun` varchar(15) DEFAULT NULL,
  `Mar` varchar(15) DEFAULT NULL,
  `Mie` varchar(15) DEFAULT NULL,
  `jue` varchar(15) DEFAULT NULL,
  `Vie` varchar(15) DEFAULT NULL,
  `IdProfesor` int(11) NOT NULL,
  PRIMARY KEY (`IdHorario`),
  KEY `IdProfesor` (`IdProfesor`),
  CONSTRAINT `HORARIO_ibfk_1` FOREIGN KEY (`IdProfesor`) REFERENCES `profesor` (`IdProfesor`) ON DELETE CASCADE ON UPDATE CASCADE
) ENGINE=InnoDB AUTO_INCREMENT=762 DEFAULT CHARSET=latin1;
/*!40101 SET character_set_client = @saved_cs_client */;

--
-- Dumping data for table `horario`
--

LOCK TABLES `horario` WRITE;
/*!40000 ALTER TABLE `horario` DISABLE KEYS */;
INSERT INTO `horario` VALUES (1,'12:00-13:30 L','','12:00-13:30','12:00-13:30','',3),(2,'','7:00-8:30','7:00-8:30','','7:00-8:30 L',3),(3,'10:30-12:00 L','8:30-10:00','','10:30-12:00','',3),(4,'8:30-10:00 L','','8:30-10:00','8:30-10:00','',4),(5,'10:30-12:00 L','8:30-10:00','','10:30-12:00','',4),(6,'','10:30-12:00','10:30-12:00 L','','10:30-12:00',4),(7,'13:30-15:00','13:30-15:00','','13:30-15:00 L','',5),(8,'8:30-10:00','','8:30-10:00','8:30-10:00 L','',5),(9,'','12:00-13:30 L','13:30-15:00','','12:00-13:30',5),(10,'','10:30-12:00 L','10:30-12:00 L','','10:30-12:00',5),(11,'12:00-13:30 L','','12:00-13:30','12:00-13:30','',6),(12,'13:30-15:00','','','','',6),(13,'7:00-8:30','','','7:00-8:30','8:30-10:00 L',6),(14,'','8:30-10:00','','','',6),(15,'','7:00-8:30 L','7:00-8:30','','7:00-8:30',6),(16,'20:00-21:30 L','','20:00-21:30','20:00-21:30','',7),(17,'8:30-10:00 L','','8:30-10:00','8:30-10:00','',8),(18,'','10:30-12:00 L','10:30-12:00','','10:30-12:00',8),(19,'10:30-12:00 L','8:30-10:00','','10:30-12:00','',8),(20,'','10:30-12:00 L','10:30-12:00','','10:30-12:00',9),(21,'10:30-12:00','8:30-10:00','','10:30-12:00 L','',9),(22,'12:00-13:30','','12:00-13:30','','',9),(23,'8:30-10:00 L','','8:30-10:00','8:30-10:00','',9),(24,'','','16:30-18:30','','14:00-16:00',10),(25,'13:30-15:00','13:30-15:00','','13:30-15:00','',10),(26,'','18:30-20:00 L','18:30-20:00','','18:30-20:00',10),(27,'15:00-16:30 L','','15:00-16:30','15:00-16:30','',10),(28,'20:00-21:30','','20:00-21:30 L','20:00-21:30','',11),(29,'','15:00-16:30','15:00-16:30','','15:00-16:30 L',12),(30,'16:30-18:00 L','','16:30-18:00','16:30-18:00','',12),(31,'','18:30-20:00 L','18:30-20:00','','18:30-20:00',13),(32,'16:30-18:00 L','','16:30-18:00','16:30-18:00','',13),(33,'','','20:00-21:30','','',14),(34,'20:00-21:30','','','','',14),(35,'','','18:30-20:00','','',14),(36,'18:30-20:00','','','','',14),(37,'','','','20:00-21:30','',14),(38,'','','','','18:30-20:00',14),(39,'','18:30-20:00','','','',14),(40,'16:30-18:00','','','','',14),(41,'','15:00-16:30 L','15:00-16:30','','15:00-16:30',15),(42,'15:00-16:30 L','','','15:00-16:30','16:30-18:00',15),(43,'18:30-20:00 L','16:30-18:00','','18:30-20:00','',15),(44,'20:00-21:30','','20:00-21:30','20:00-21:30 L','',15),(45,'','15:00-16:30','15:00-16:30','','15:00-16:30 L',16),(46,'15:00-16:30 L','','','15:00-16:30','16:30-18:00',16),(47,'12:00-13:30 L','','12:00-13:30','12:00-13:30','',16),(48,'16:30-18:00','','16:30-18:00','16:30-18:00 L','',16),(49,'20:00-21:30 L','','20:00-21:30','20:00-21:30','20:00-21:30',17),(50,'','20:00-20:00 L','18:30-20:00','','18:30-20:00',17),(51,'13:30-15:00 L','13:30-15:00','','13:30-15:00','',18),(52,'','','','','8:00-10:00',18),(53,'','15:00-16:30','','','',19),(54,'18:30-20:00','','','','',19),(55,'','','13:30-15:00','','',19),(56,'','18:30-20:00 L','18:30-20:00','','18:30-20:00',19),(57,'15:00-16:30','','','','',19),(58,'13:30-15:00','','','','',19),(59,'','','15:00-16:30','','',19),(60,'','','','16:30-18:00','',19),(61,'20:00-21:30 L','','20:00-21:30','20:00-21:30','',19),(62,'','','','13:30-15:00','',19),(63,'','','','15:00-16:30','',19),(64,'','','','','15:00-16:30',19),(65,'','12:00-13:30','','','12:00-13:30',20),(66,'8:30-10:00','','8:30-10:00','8:30-10:00 L','',20),(67,'','7:00-8:30','7:00-8:30 L','','7:00-8:30',20),(68,'7:00-8:30','','','','',20),(69,'','','7:00-8:30','','',21),(70,'','10:30-12:00','','','',21),(71,'','12:00-13:30','','','',21),(72,'','','','7:00-8:30','',21),(73,'07:00-08:30','','','','',21),(74,'12:00-13:30 L','','12:00-13:30','12:00-13:30','',21),(75,'','','','10:30-12:00','',21),(76,'','','8:30-10:00','','',21),(77,'','','10:30-12:00','','',21),(78,'','','','8:30-10:00','',21),(79,'','7:00-8:30','','','',22),(80,'','10:30-12:00','10:30-12:00','','10:30-12:00',22),(81,'12:00-13:30','','12:00-13:30','12:00-13:30','',22),(82,'','','','7:00-8:30','',22),(83,'12:00-13:30','','12:00-13:30','12:00-13:30','',23),(84,'','15:00-16:30','','','',23),(85,'','10:30-12:00 L','10:30-12:00','','10:30-12:00',23),(86,'','','','15:00-16:30','',23),(87,'10:30-12:00','8:30-10:00 L','','10:30-12:00','',24),(88,'','','','12:00-13:30','',24),(89,'13:30-15:00','13:30-15:00 L','','13:30-15:00','',24),(90,'','','8:00-10:00','','10:00-12:00',25),(91,'07:00-08:30 L','','','07:00-08:30','08:30-10:00',25),(92,'13:30-15:00','13:30-15:00 L','','13:30-15:00','',25),(93,'','10:30-12:00','10:30-12:00','','',26),(94,'','8:00-10:00','','8:00-10:00','',26),(95,'8:00-10:00','','8:00-10:00','','',26),(96,'12:00-13:30 L','','12:00-13:30','12:00-13:30','',27),(97,'10:30-12:00 L','8:30-10:00','','10:30-12:00','',27),(98,'8:30-10:00 L','','8:30-10:00','8:30-10:00','',27),(99,'','10:30-12:00 L','10:30-12:00','','10:30-12:00',27),(100,'16:30-18:00 L','','16:30-18:00','16:30-18:00','',28),(101,'20:00-21:30 L','','20:00-21:30','20:00-21:30','',28),(102,'','18:30-20:00 L','18:30-20:00','','18:30-20:00',28),(103,'10:30-12:00','','','','',29),(104,'8:30-10:00','','8:30-10:00 L','8:30-10:00','',29),(105,'13:30-15:00','','','','',29),(106,'','10:30-12:00','10:30-12:00','','10:30-12:00',29),(107,'','13:30-15:00','','13:30-15:00','',30),(108,'','12:00-13:30','13:30-15:00 L','','12:00-13:30',30),(109,'','10:30-12:00 L','10:30-12:00','','10:30-12:00',30),(110,'10:30-12:00','8:30-10:00','','10:30-12:00 L','',30),(111,'18:30-20:00','','','18:30-20:00','',31),(112,'20:00-21:30','','20:00-21:30','20:00-21:30 L','',31),(113,'','18:30-20:00','18:30-20:00','','18:30-20:00 L',31),(114,'12:00-13:30','','12:00-13:30','12:00-13:30','',32),(115,'8:30-10:00','','8:30-10:00 L','8:30-10:00','',32),(116,'10:00-12:00','','10:00-12:00','','',33),(117,'7:00-8:30','','','7:00-8:30','',33),(118,'13:30-15:00 L','13:30-15:00','','13:30-15:00','',33),(119,'12:00-13:30 L','','12:00-13:30','12:00-13:30','',34),(120,'','','','','15:00-16:30',34),(121,'','','','15:00-16:30','',34),(122,'','10:30-12:00','10:30-12:00 L','','10:30-12:00',34),(123,'8:30-10:00','','','','',35),(124,'','7:00-8:30','7:00-8:30','','7:00-8:30 L',35),(125,'','8:30-10:00','','','',35),(126,'7:00-8:30','','','7:00-8:30','8:30-10:00 L',35),(127,'10:30-12:00 L','8:30-10:00','','10:30-12:00','',36),(128,'12:00-13:30','','12:00-13:30','','',36),(129,'','12:00-13:30','13:30-15:00','','12:00-13:30 L',36),(130,'10:30-12:00','8:30-10:00','','10:30-12:00 L','',37),(131,'','10:30-12:00','10:30-12:00','','10:30-12:00 L',37),(132,'','7:00-8:30','7:00-8:30','','7:00-8:30 L',37),(133,'8:30-10:00','','8:30-10:00','8:30-10:00 L','',37),(134,'12:00-13:30 L','','12:00-13:30','12:00-13:30','',38),(135,'','7:00-8:30','7:00-8:30 L','','7:00-8:30',38),(136,'7:00-8:30 L','','','7:00-8:30','8:30-10:00',38),(137,'12:00-13:30','','12:00-13:30','','',39),(138,'7:00-8:30','','','7:00-8:30','8:30-10:00 L',39),(139,'8:30-10:00','','8:30-10:00','8:30-10:00 L','',39),(140,'','10:30-12:00 L','10:30-12:00','','10:30-12:00',39),(141,'10:30-12:00','','','10:30-12:00','',40),(142,'15:00-16:30 L','','','15:00-16:30','16:30-18:00',40),(143,'','15:00-16:30','15:00-16:30 L','','15:00-16:30',40),(144,'20:00-21:30','','20:00-21:30 L','20:00-21:30','',41),(145,'18:30-20:00','','','18:30-20:00','20:00-21:30',41),(146,'7:00-8:30','','','7:00-8:30','',42),(147,'','10:30-12:00','10:30-12:00 L','','10:30-12:00',42),(148,'10:30-12:00','8:30-10:00','','10:30-12:00 L','',42),(149,'','15:00-16:30 L','15:00-16:30','','15:00-16:30',43),(150,'','','','18:30-20:00','',43),(151,'','18:30-20:00','18:30-20:00','','18:30-20:00 L',43),(152,'20:00-21:30','','20:00-21:30 L','20:00-21:30','',43),(153,'16:30-18:00 L','','16:30-18:00','16:30-18:00','',43),(154,'','13:30-15:00','','','',43),(155,'18:30-20:00','','','','',43),(156,'','','','15:00-16:30','',43),(157,'','10:30-12:00','10:30-12:00 L','','10:30-12:00',44),(158,'12:00-13:30','','12:00-13:30 L','12:00-13:30','',44),(159,'8:30-10:00','','8:30-10:00 L','8:30-10:00','',44),(160,'13:30-15:00','','','','',45),(161,'20:00-21:30 L','','20:00-21:30','20:00-21:30','',45),(162,'','','13:30-15:00','','',45),(163,'18:30-20:00 L','16:30-18:00','','18:30-20:00','',45),(164,'','10:30-12:00','10:30-12:00','','10:30-12:00 L',46),(165,'10:30-12:00 L','8:30-10:00','','10:30-12:00','',46),(166,'12:00-13:30','','12:00-13:30','','',46),(167,'','15:00-16:30','','','',47),(168,'','','16:30-18:00','','',47),(169,'','','','','18:30-20:00',47),(170,'','','20:00-21:30','','',47),(171,'','','','','16:30-18:00',47),(172,'','','','20:00-21:30','',47),(173,'','18:30-20:00','','','',47),(174,'','','18:30-20:00','','',47),(175,'','','','16:30-18:00','',47),(176,'20:00-21:30 L','','20:00-21:30','20:00-21:30','',48),(177,'','','','','18:30-20:00',48),(178,'','16:30-18:00','','','',48),(179,'','','18:30-20:00','','',48),(180,'','','','13:30-15:00','',48),(181,'','18:30-20:00','','','',48),(182,'15:00-16:30','','','15:00-16:30','16:30-18:00',48),(183,'','','','18:30-20:00','',48),(184,'13:30-15:00','13:30-15:00 L','','13:30-15:00','',49),(185,'','','','12:00-13:30','',50),(186,'','','','8:30-10:00','',50),(187,'','12:00-13:30 L','13:30-15:00','','12:00-13:30',50),(188,'13:30-15:00','13:30-15:00','','13:30-15:00 L','',50),(189,'','12:00-13:30 L','13:30-15:00','','12:00-13:30',51),(190,'','15:00-16:30 L','15:00-16:30','','15:00-16:30',51),(191,'12:00-13:30 L','','12:00-13:30','12:00-13:30','',51),(192,'','10:30-12:00 L','10:30-12:00','','10:30-12:00',52),(193,'10:30-12:00','8:30-10:00','','10:30-12:00 L','',52),(194,'','12:00-13:30','13:30-15:00','','',52),(195,'','7:00-8:30 L','7:00-8:30','','7:00-8:30',53),(196,'7:00-8:30','','','7:00-8:30 L','8:30-10:00',53),(197,'','10:30-12:00','10:30-12:00','','10:30-12:00',53),(198,'','7:00-8:30','7:00-8:30','','7:00-8:30 L',54),(199,'7:00-8:30 L','','','7:00-8:30','8:30-10:00',54),(200,'13:30-15:00','13:30-15:00','','','',54),(201,'','18:30-20:00','18:30-20:00','','18:30-20:00 L',55),(202,'18:30-20:00','16:30-18:00','','18:30-20:00 L','',55),(203,'8:30-10:00','','8:30-10:00','','',56),(204,'10:30-12:00','','','','',56),(205,'','','','8:30-10:00','',56),(206,'','8:30-10:00','','10:30-12:00','',56),(207,'20:00-21:30','','20:00-21:30','20:00-21:30 L','',57),(208,'','18:30-20:00','18:30-20:00','','18:30-20:00',57),(209,'18:30-20:00','16:30-18:00','','18:30-20:00 L','',57),(210,'','18:30-20:00 L','18:30-20:00','','18:30-20:00',58),(211,'18:30-20:00 L','16:30-18:00','','18:30-20:00','',58),(212,'16:00-18:00','','','16:00-18:00','',59),(213,'','16:00-18:00','','','16:00-18:00',59),(214,'13:30-15:00','','13:30-15:00','','',59),(215,'8:30-10:00','','8:30-10:00 L','8:30-10:00','',60),(216,'18:30-20:00','16:30-18:00 L','','18:30-20:00','',61),(217,'12:00-13:30 L','','12:00-13:30','12:00-13:30','',62),(218,'','15:00-16:30 L','15:00-16:30','','15:00-16:30',63),(219,'8:30-10:00','','8:30-10:00 L','8:30-10:00','',63),(220,'','12:00-13:30','13:30-15:00 L','','12:00-13:30',63),(221,'10:30-12:00','','','','',63),(222,'','12:00-13:30','13:30-15:00 L','','12:00-13:30',64),(223,'8:30-10:00','','8:30-10:00','8:30-10:00 L','',64),(224,'12:00-13:30','','12:00-13:30','12:00-13:30 L','',64),(225,'10:30-12:00','8:30-10:00 L','','10:30-12:00','',64),(226,'13:30-15:00','','','13:30-15:00','',64),(227,'12:00-13:30','','12:00-13:30','12:00-13:30 L','',65),(228,'','10:30-12:00 L','10:30-12:00','','10:30-12:00',65),(229,'18:30-20:00 L','16:30-18:00 L','','18:30-20:00','',66),(230,'16:30-18:00','','16:30-18:00 L','16:30-18:00 L','',66),(231,'15:00-16:30','','','15:00-16:30','16:30-18:00 L',66),(232,'','10:30-12:00 L','10:30-12:00','','10:30-12:00',67),(233,'13:30-15:00','','13:30-15:00','','',67),(234,'','7:00-8:30','7:00-8:30','','7:00-8:30 L',67),(235,'18:30-20:00','16:30-18:00 L','','18:30-20:00','',68),(236,'','15:00-16:30 L','15:00-16:30','','15:00-16:30',69),(237,'13:30-15:00 L','13:30-15:00','','13:30-15:00','',69),(238,'10:30-12:00','','','10:30-12:00','',69),(239,'7:00-8:30','','','','',70),(240,'','','','','7:00-8:30',70),(241,'','','','7:00-8:30','',70),(242,'','','','8:30-10:00','',70),(243,'','','7:00-8:30','','',70),(244,'','','10:30-12:00','','',70),(245,'','','','','8:30-10:00',70),(246,'','7:00-8:30','','','',70),(247,'','','8:30-10:00','','',70),(248,'','','','','10:30-12:00',70),(249,'10:30-12:00','','','','',70),(250,'','','','10:30-12:00','',70),(251,'16:30-18:00 L','','16:30-18:00','16:30-18:00','',71),(252,'','15:00-16:30','15:00-16:30','','15:00-16:30 L',71),(253,'','18:30-20:00','18:30-20:00','','18:30-20:00 L',72),(254,'16:30-18:00','','16:30-18:00 L','16:30-18:00','',72),(255,'13:30-15:00 L','13:30-15:00','','13:30-15:00','',72),(256,'13:30-15:00','15:00-16:30 L','15:00-16:30','','15:00-16:30',73),(257,'','','','16:30-18:00','',73),(258,'','','','','16:30-18:00',73),(259,'12:00-13:30 L','12:00-13:30','12:00-13:30','12:00-13:30','',73),(260,'','','','13:30-15:00','',74),(261,'','15:00-16:30','','','',74),(262,'20:00-21:30','','','','',74),(263,'','','15:00-16:30','','',74),(264,'13:30-15:00','','','','',74),(265,'','','','','15:00-16:30',74),(266,'','','','','18:30-20:00',74),(267,'15:00-16:30','','','','',74),(268,'','','13:30-15:00','','',74),(269,'','','','','16:30-18:00',74),(270,'10:30-12:00','8:30-10:00','','10:30-12:00','',75),(271,'8:30-10:00 L','','8:30-10:00','8:30-10:00','',75),(272,'7:00-8:30 L','','','7:00-8:30','8:30-10:00',76),(273,'12:00-13:30 L','','12:00-13:30','12:00-13:30','',76),(274,'','7:00-8:30 L','7:00-8:30','','7:00-8:30',76),(275,'10:30-12:00 L','8:30-10:00','','10:30-12:00','',76),(276,'','15:00-16:30','15:00-16:30','','15:00-16:30',77),(277,'10:30-12:00','','','','',77),(278,'','','','','12:00-13:30',77),(279,'15:00-16:30 L','','','15:00-16:30','16:30-18:00',77),(280,'7:00-8:30','','','7:00-8:30','8:30-10:00 L',78),(281,'','7:00-8:30','7:00-8:30','','7:00-8:30',78),(282,'13:30-15:00 L','13:30-15:00 L','','13:30-15:00','',79),(283,'','15:00-16:30 L','15:00-16:30 L','','15:00-16:30',79),(284,'8:30-10:00','','8:30-10:00','8:30-10:00 L','',79),(285,'13:30-15:00 L','13:30-15:00','','13:30-15:00','',80),(286,'15:00-16:30','','','15:00-16:30','16:30-18:00 L',81),(287,'','18:30-20:00 L','18:30-20:00','','18:30-20:00',81),(288,'16:30-18:00','','16:30-18:00','16:30-18:00 L','',81),(289,'13:30-15:00','13:30-15:00','','13:30-15:00 L','',82),(290,'7:00-8:30','','','7:00-8:30','8:30-10:00 L',82),(291,'','10:30-12:00','10:30-12:00','','',82),(292,'','15:00-16:30 L','15:00-16:30','','15:00-16:30',83),(293,'','10:30-12:00 L','10:30-12:00','','10:30-12:00',83),(294,'15:00-16:30','','','15:00-16:30 L','16:30-18:00',83),(295,'13:30-15:00 L','13:30-15:00','','13:30-15:00','',83),(296,'18:30-20:00','16:30-18:00 L','','18:30-20:00','',84),(297,'','7:00-8:30 L','7:00-8:30 L','','7:00-8:30',85),(298,'8:30-10:00 L','','8:30-10:00 L','8:30-10:00','',85),(299,'7:00-8:30 L','','','7:00-8:30 L','8:30-10:00',85),(300,'16:30-18:00','','16:30-18:00 L','16:30-18:00','',86),(301,'15:00-16:30 L','','','15:00-16:30','16:30-18:00',86),(302,'18:30-20:00','16:30-18:00 L','','18:30-20:00','',86),(303,'13:30-15:00','13:30-15:00','','','',86),(304,'','15:00-16:30','15:00-16:30','','15:00-16:30 L',86),(305,'','18:30-20:00','','','',86),(306,'','','','','18:30-20:00',86),(307,'8:30-10:00','','8:30-10:00 L','8:30-10:00','',87),(308,'','10:00-12:00','','10:00-12:00','',87),(309,'','15:00-16:30','15:00-16:30','','',87),(310,'10:30-12:00','','','','',88),(311,'7:00-8:30','','','','',88),(312,'','','10:30-12:00','','',88),(313,'8:30-10:00','','','','',88),(314,'','','','12:00-13:30','',88),(315,'12:00-13:30','','','','',88),(316,'','7:00-8:30','','','',88),(317,'','','','8:30-10:00','',88),(318,'10:30-12:00','8:30-10:00','','10:30-12:00 L','',89),(319,'','10:30-12:00','10:30-12:00','','10:30-12:00 L',89),(320,'15:00-16:30','','','15:00-16:30','16:30-18:00 L',89),(321,'13:30-15:00','13:30-15:00','','13:30-15:00 L','',89),(322,'20:00-21:30 L','','20:00-21:30','20:00-21:30','',90),(323,'16:30-18:00','','16:30-18:00','16:30-18:00','',91),(324,'','','10:30-12:00','','',91),(325,'','','','','16:30-18:00',91),(326,'12:00-13:30 L','','12:00-13:30','12:00-13:30','',91),(327,'','18:30-20:00','18:30-20:00 L','','18:30-20:00',92),(328,'','13:30-15:00','','13:30-15:00','',92),(329,'18:30-20:00 L','16:30-18:00','','18:30-20:00','',92),(330,'15:00-16:30','','','15:00-16:30 L','16:30-18:00 L',92),(331,'20:00-21:30','','20:00-21:30','20:00-21:30 L','',93),(332,'','','','','15:00-16:30',93),(333,'','','15:00-16:30','','',93),(334,'','18:30-20:00','18:30-20:00 L','','18:30-20:00',93),(335,'7:00-8:30','','','7:00-8:30','8:30-10:00 L',94),(336,'','','','12:00-13:30','',94),(337,'','7:00-8:30','7:00-8:30','','7:00-8:30 L',94),(338,'8:30-10:00','','','','',94),(339,'','18:30-20:00','18:30-20:00 L','','18:30-20:00',95),(340,'','15:00-16:30','15:00-16:30','','15:00-16:30 L',95),(341,'8:30-10:00 L','','8:30-10:00','8:30-10:00','',96),(342,'13:30-15:00','','13:30-15:00','','',96),(343,'','','','','8:30-10:00',96),(344,'12:00-13:30','','12:00-13:30 L','12:00-13:30','',96),(345,'10:30-12:00','8:30-10:00 L','','10:30-12:00','',96),(346,'','','','','12:00-14:00',97),(347,'10:30-12:00','8:30-10:00','','10:30-12:00','',97),(348,'','15:00-16:30','15:00-16:30','','',97),(349,'','10:30-12:00','10:30-12:00','','10:30-12:00 L',97),(350,'','15:00-16:30','','','',98),(351,'20:00-21:30','','20:00-21:30','20:00-21:30','',98),(352,'18:30-20:00','16:30-18:00 L','','18:30-20:00','',98),(353,'','18:30-20:00','','','',98),(354,'15:00-16:30','','13:30-15:00','15:00-16:30 L','16:30-18:00',99),(355,'','10:30-12:00 L','10:30-12:00','13:30-15:00','10:30-12:00',99),(356,'18:30-20:00','16:30-18:00','','18:30-20:00','13:30-15:00 L',99),(357,'10:30-12:00','8:30-10:00','','10:30-12:00 L','',100),(358,'20:00-21:30','','','','',101),(359,'13:30-15:00 L','13:30-15:00','','13:30-15:00','',101),(360,'','15:00-16:30','15:00-16:30','','15:00-16:30',101),(361,'','20:00-21:30','','','',101),(362,'15:00-16:30 L','','','15:00-16:30','16:30-18:00',102),(363,'12:00-13:30 L','','12:00-13:30','12:00-13:30','',102),(364,'','','','','10:30-12:00',103),(365,'13:30-15:00','13:30-15:00','','13:30-15:00','',103),(366,'','12:00-13:30 L','13:30-15:00','','12:00-13:30',103),(367,'','','','','7:00-8:30',103),(368,'','','','18:30-20:00','',104),(369,'','18:30-20:00 L','18:30-20:00','','18:30-20:00',104),(370,'18:30-20:00','','','','',104),(371,'20:00-21:30 L','','20:00-21:30','20:00-21:30','',104),(372,'12:00-13:30','','','','',105),(373,'15:00-16:30','','','15:00-16:30','',105),(374,'','10:30-12:00','10:30-12:00 L','','10:30-12:00',105),(375,'','','8:30-10:00','','',106),(376,'','8:30-10:00','','','',106),(377,'','10:30-12:00','10:30-12:00','','10:30-12:00 L',106),(378,'','12:00-13:30','13:30-15:00','','12:00-13:30 L',106),(379,'','12:00-13:30','13:30-15:00 L','','12:00-13:30',107),(380,'','15:00-16:30','15:00-16:30 L','','15:00-16:30',107),(381,'15:00-16:30','','','15:00-16:30','',107),(382,'','15:00-16:30 L','15:00-16:30','','15:00-16:30',108),(383,'16:30-18:00','','16:30-18:00','16:30-18:00 L','',108),(384,'15:00-16:30','','','15:00-16:30 L','16:30-18:00',108),(385,'16:30-18:00','','16:30-18:00','16:30-18:00 L','',109),(386,'18:30-20:00 L','16:30-18:00','','18:30-20:00','',109),(387,'20:00-21:30','','20:00-21:30','20:00-21:30 L','',109),(388,'','18:30-20:00','18:30-20:00','','18:30-20:00',109),(389,'12:00-13:30 L','','12:00-13:30','12:00-13:30','',110),(390,'7:00-8:30','','','7:00-8:30','',111),(391,'08:30-10:00','','08:30-10:00','08:30-10:00','',111),(392,'','10:30-12:00','10:30-12:00','','10:30-12:00 L',111),(393,'20:00-21:30','','20:00-21:30','20:00-21:30','',112),(394,'18:30-20:00','16:30-18:00','','18:30-20:00','',112),(395,'','','','16:30-18:00','',113),(396,'','18:30-20:00','18:30-20:00','','18:30-20:00',113),(397,'20:00-21:30','','20:00-21:30','20:00-21:30','',113),(398,'','15:00-16:30','','','',113),(399,'','10:30-12:00','10:30-12:00','','10:30-12:00 L',114),(400,'7:00-8:30','','','7:00-8:30','8:30-10:00 L',114),(401,'10:30-12:00 L','8:30-10:00','','10:30-12:00','',114),(402,'','10:30-12:00','10:30-12:00','','10:30-12:00',115),(403,'12:00-13:30','','12:00-13:30','12:00-13:30','',115),(404,'15:00-16:30','','','15:00-16:30','',115),(405,'','10:30-12:00','10:30-12:00','','10:30-12:00 L',116),(406,'12:00-13:30','','12:00-13:30 L','12:00-13:30','',116),(407,'10:30-12:00','8:30-10:00 L','','10:30-12:00','',116),(408,'7:00-8:30','','','7:00-8:30','8:30-10:00',117),(409,'','','8:30-10:00','','',117),(410,'','','','8:30-10:00','',117),(411,'','7:00-8:30','7:00-8:30','','7:00-8:30',117),(412,'15:00-16:30 L','','','15:00-16:30','16:30-18:00',118),(413,'20:00-21:30','','20:00-21:30 L','20:00-21:30','',118),(414,'16:30-18:00','','16:30-18:00 L','16:30-18:00','',118),(415,'','','','','12:00-14:00',119),(416,'18:30-20:00','16:30-18:00 L','','18:30-20:00','',119),(417,'','18:30-20:00','18:30-20:00','','18:30-20:00 L',119),(418,'15:00-16:30','','','15:00-16:30','',119),(419,'16:30-18:00 L','','16:30-18:00','16:30-18:00','',120),(420,'','12:00-13:30','','','',120),(421,'15:00-16:30','','','','',120),(422,'','','','12:00-13:30','',120),(423,'12:00-13:30','','','','',120),(424,'','13:30-15:00','','','',120),(425,'','','12:00-13:30','','',120),(426,'18:30-20:00','16:30-18:00','','18:30-20:00 L','',120),(427,'7:00-8:30 L','','','7:00-8:30','8:30-10:00',121),(428,'','12:00-13:30','13:30-15:00','','12:00-13:30 L',122),(429,'','18:30-20:00','18:30-20:00','','18:30-20:00 L',122),(430,'16:30-18:00 L','','16:30-18:00','16:30-18:00','',122),(431,'13:30-15:00','13:30-15:00','','','',123),(432,'16:30-18:00 L','','16:30-18:00','16:30-18:00','',123),(433,'','15:00-16:30','15:00-16:30 L','','15:00-16:30',123),(434,'15:00-16:30','','','15:00-16:30','16:30-18:00 L',123),(435,'','12:00-13:30 L','13:30-15:00','','12:00-13:30',124),(436,'8:30-10:00','','8:30-10:00','8:30-10:00 L','',124),(437,'10:30-12:00','','','10:30-12:00','',124),(438,'8:30-10:00 L','','8:30-10:00 L','8:30-10:00','',125),(439,'10:30-12:00','8:30-10:00 L','','10:30-12:00 L','',125),(440,'12:00-13:30','','12:00-13:30','12:00-13:30 L','',125),(441,'','18:30-20:00','18:30-20:00 L','','18:30-20:00',126),(442,'','12:00-13:30','13:30-15:00','','12:00-13:30 L',126),(443,'18:30-20:00','','','18:30-20:00','',126),(444,'13:30-15:00','13:30-15:00','','13:30-15:00','',127),(445,'','','','','15:00-16:30',127),(446,'16:30-18:00','','','','',127),(447,'15:00-16:30','','','15:00-16:30','16:30-18:00',127),(448,'12:00-13:30','12:00-13:30','12:00-13:30 L','12:00-13:30','',127),(449,'20:00-21:30','','20:00-21:30','20:00-21:30 L','',128),(450,'','18:30-20:00','18:30-20:00','','18:30-20:00 L',128),(451,'','','','16:30-18:00','',128),(452,'','','','','16:30-18:00',128),(453,'7:00-8:30','','','7:00-8:30','8:30-10:00',129),(454,'8:30-10:00','','8:30-10:00','8:30-10:00 L','',129),(455,'10:30-12:00','8:30-10:00','','','',129),(456,'','15:00-16:30','15:00-16:30 L','','15:00-16:30',130),(457,'','12:00-13:30','13:30-15:00 L','','12:00-13:30',130),(458,'','12:00-13:30 L','13:30-15:00','','12:00-13:30',131),(459,'10:30-12:00 L','8:30-10:00','','10:30-12:00','',132),(460,'8:30-10:00 L','','8:30-10:00','8:30-10:00','',132),(461,'13:30-15:00','13:30-15:00 L','','13:30-15:00','',132),(462,'','10:30-12:00','10:30-12:00','','',132),(463,'7:00-8:30','','','7:00-8:30 L','8:30-10:00',132),(464,'20:00-21:30 L','','20:00-21:30','20:00-21:30','',133),(465,'15:00-16:30','','','15:00-16:30','16:30-18:00 L',133),(466,'16:30-18:00 L','','16:30-18:00','16:30-18:00','',133),(467,'8:30-10:00','','8:30-10:00','8:30-10:00','',134),(468,'12:00-13:30','','','','',134),(469,'7:00-8:30','','','','',134),(470,'','15:00-16:30','15:00-16:30','','',134),(471,'13:30-15:00 L','13:30-15:00','','13:30-15:00','',135),(472,'16:30-18:00','','16:30-18:00 L','16:30-18:00','',135),(473,'8:30-10:00','','8:30-10:00','8:30-10:00 L','',135),(474,'16:30-18:00','','','','',136),(475,'','18:30-20:00 L','18:30-20:00','','18:30-20:00',136),(476,'','15:00-16:30 L','15:00-16:30','','15:00-16:30',136),(477,'','','12:00-13:30','','',136),(478,'','12:00-13:30','12:00-13:30','','',137),(479,'','10:30-12:00 L','10:30-12:00','','10:30-12:00',137),(480,'8:30-10:00 L','','8:30-10:00','8:30-10:00','',137),(481,'','7:00-8:30 L','7:00-8:30','','7:00-8:30',138),(482,'7:00-8:30','','','7:00-8:30 L','8:30-10:00',138),(483,'10:30-12:00 L','8:30-10:00','','10:30-12:00','',138),(484,'12:00-13:30','','12:00-13:30','','',138),(485,'','','8:30-10:00','','',139),(486,'','10:30-12:00','10:30-12:00','','10:30-12:00 L',139),(487,'','','','','8:30-10:00',139),(488,'10:30-12:00','8:30-10:00','','10:30-12:00 L','',139),(489,'','','','8:30-10:00','',139),(490,'','','12:00-13:30','','',139),(491,'12:00-13:30','','','','',139),(492,'8:30-10:00','','','','',139),(493,'','7:00-8:30','7:00-8:30','','7:00-8:30 L',140),(494,'10:30-12:00 L','8:30-10:00','','10:30-12:00','',140),(495,'','10:30-12:00','10:30-12:00','','',140),(496,'7:00-8:30 L','','','7:00-8:30','8:30-10:00',140),(497,'8:30-10:00','','8:30-10:00','8:30-10:00','',140),(498,'','13:30-15:00','','','',141),(499,'12:00-13:30','','12:00-13:30','12:00-13:30 L','',141),(500,'','10:00-12:00','','13:30-15:30','',141),(501,'15:00-16:30 L','','','15:00-16:30','16:30-18:00',142),(502,'','18:30-20:00','18:30-20:00','','18:30-20:00 L',142),(503,'18:30-20:00 L','16:30-18:00','','18:30-20:00','',142),(504,'20:00-21:30','','20:00-21:30 L','20:00-21:30','',143),(505,'16:30-18:00','','16:30-18:00 L','16:30-18:00','',144),(506,'18:30-20:00','16:30-18:00','','18:30-20:00','',145),(507,'15:00-16:30','','','15:00-16:30','16:30-18:00',145),(508,'','18:30-20:00 L','18:30-20:00','','18:30-20:00',145),(509,'','15:00-16:30 L','15:00-16:30','','15:00-16:30',145),(510,'','18:30-20:00','18:30-20:00','','18:30-20:00 L',146),(511,'16:30-18:00','','','','',147),(512,'12:00-13:30','','12:00-13:30','12:00-13:30 L','',147),(513,'10:00-12:00','','10:00-12:00','','10:00-12:00',147),(514,'','','','12:00-13:30','',148),(515,'8:30-10:00','','','','',148),(516,'','','7:00-8:30','','',148),(517,'7:00-8:30','','','','',148),(518,'','','8:30-10:00','','',148),(519,'12:00-13:30','','','','',148),(520,'','','','7:00-8:30','',148),(521,'','8:30-10:00','','','',148),(522,'','','','8:30-10:00','',148),(523,'','','','','8:30-10:00',148),(524,'10:30-12:00','','','','',148),(525,'','7:00-8:30','','','',148),(526,'','8:30-10:00','','','',149),(527,'8:30-10:00','','','','',149),(528,'7:00-8:30','','','','',149),(529,'','','7:00-8:30','','',149),(530,'','','','8:30-10:00','',149),(531,'','7:00-8:30','','','',149),(532,'','12:00-13:30','13:30-15:00 L','','12:00-13:30',149),(533,'','','8:30-10:00','','',149),(534,'','','','','7:00-8:30',149),(535,'','10:30-12:00','','','',149),(536,'','7:00-8:30','7:00-8:30 L','','7:00-8:30',150),(537,'8:30-10:00','','8:30-10:00 L','8:30-10:00','',150),(538,'13:30-15:00','13:30-15:00','','13:30-15:00 L','',150),(539,'8:30-10:00','','8:30-10:00 L','8:30-10:00','',151),(540,'','15:00-16:30','15:00-16:30','','',151),(541,'10:30-12:00','8:30-10:00 L','','10:30-12:00','',151),(542,'','12:00-13:30 L','13:30-15:00','','12:00-13:30',152),(543,'10:30-12:00','8:30-10:00 L','','10:30-12:00','',152),(544,'8:30-10:00','','8:30-10:00 L','8:30-10:00','',152),(545,'12:00-13:30','','12:00-13:30','12:00-13:30 L','',152),(546,'15:00-16:30','','','15:00-16:30','16:30-18:00 L',153),(547,'16:30-18:00','','16:30-18:00','','',153),(548,'','18:30-20:00 L','18:30-20:00','','18:30-20:00',153),(549,'13:30-15:00','13:30-15:00','','13:30-15:00 L','',153),(550,'16:30-18:00','','16:30-18:00 L','16:30-18:00','',154),(551,'','15:00-16:30','15:00-16:30 L','','15:00-16:30',154),(552,'20:00-21:30','','20:00-21:30 L','20:00-21:30','',154),(553,'8:30-10:00 L','','8:30-10:00','8:30-10:00','',155),(554,'10:30-12:00 L','8:30-10:00','','10:30-12:00','',155),(555,'','7:00-8:30','7:00-8:30 L','','7:00-8:30',155),(556,'7:00-8:30','','','7:00-8:30','8:30-10:00 L',155),(557,'20:00-21:30','','20:00-21:30','20:00-21:30 L','',156),(558,'','18:30-20:00','18:30-20:00','','18:30-20:00',156),(559,'18:30-20:00','16:30-18:00','','18:30-20:00 L','',156),(560,'15:00-16:30','','','15:00-16:30 L','16:30-18:00',156),(561,'12:00-13:30 L','','12:00-13:30','12:00-13:30','',157),(562,'8:30-10:00 L','','8:30-10:00','8:30-10:00','',157),(563,'','7:00-8:30','7:00-8:30','','',157),(564,'','10:30-12:00','','','',158),(565,'13:30-15:00 L','7:00-8:30','7:00-8:30','','7:00-8:30',158),(566,'8:30-10:00','','8:30-10:00','8:30-10:00','',158),(567,'7:00-8:30','','13:30-15:00 L','7:00-8:30','8:30-10:00',158),(568,'10:30-12:00','8:30-10:00','','10:30-12:00','',159),(569,'','12:00-13:30','13:30-15:00','','12:00-13:30 L',159),(570,'12:00-13:30','','12:00-13:30','12:00-13:30 L','',159),(571,'7:00-8:30 L','','','7:00-8:30','8:30-10:00',160),(572,'','7:00-8:30','7:00-8:30 L','','7:00-8:30',160),(573,'10:30-12:00','','','10:30-12:00','',160),(574,'13:30-15:00 L','13:30-15:00','','13:30-15:00','',161),(575,'','10:30-12:00','10:30-12:00 L','','10:30-12:00',161),(576,'10:30-12:00','8:30-10:00','','10:30-12:00 L','',161),(577,'8:30-10:00 L','','8:30-10:00 L','8:30-10:00','',162),(578,'','7:00-8:30 L','7:00-8:30 L','','7:00-8:30',162),(579,'7:00-8:30','','','7:00-8:30 L','8:30-10:00 L',162),(580,'','12:00-13:30','13:30-15:00','','12:00-13:30',163),(581,'15:00-16:30','','','','',163),(582,'','','','','10:30-12:00',163),(583,'10:30-12:00','8:30-10:00','','10:30-12:00 L','',163),(584,'16:30-18:00 L','','16:30-18:00','16:30-18:00','',164),(585,'15:00-16:30','','','15:00-16:30','',164),(586,'','16:00-18:00','','','16:00-18:00',164),(587,'','','','12:00-13:30','',164),(588,'','7:00-8:30 L','7:00-8:30','','7:00-8:30',165),(589,'7:00-8:30 L','','','7:00-8:30','8:30-10:00',165),(590,'8:30-10:00','','','','',165),(591,'','8:30-10:00','','','',165),(592,'','','','10:30-12:00','',166),(593,'13:30-15:00','','','','13:30-15:00',166),(594,'12:00-13:30','','12:00-13:30','12:00-13:30 L','',166),(595,'','8:00-10:00','','8:30-10:30','',166),(596,'','','','','7:00-8:30',166),(597,'7:00-8:30','','','7:00-8:30','8:30-10:00',166),(598,'','16:30-18:00','','','',167),(599,'','','','','13:30-15:00',167),(600,'','','','20:00-21:30','',167),(601,'20:00-21:30','','','','',167),(602,'15:00-16:30','','','15:00-16:30','16:30-18:00 L',167),(603,'18:30-20:00','','','','',167),(604,'','','','18:30-20:00','',167),(605,'16:30-18:00','','16:30-18:00','16:30-18:00 L','',167),(606,'','10:30-12:00','','','',168),(607,'','7:00-8:30','7:00-8:30','','7:00-8:30',168),(608,'7:00-8:30','','','7:00-8:30','8:30-10:00 L',168),(609,'','','','10:30-12:00','',168),(610,'','7:00-8:30 L','7:00-8:30','','7:00-8:30',169),(611,'7:00-8:30','','','7:00-8:30 L','8:30-10:00',169),(612,'8:30-10:00','','','8:30-10:00','',169),(613,'10:30-12:00','8:30-10:00','','10:30-12:00 L','',170),(614,'','7:00-8:30 L','7:00-8:30','','7:00-8:30',170),(615,'','12:00-13:30 L','13:30-15:00','','12:00-13:30',170),(616,'','','','','7:00-8:30',171),(617,'','13:30-15:00','','','',171),(618,'','','','8:30-10:00','',171),(619,'','10:30-12:00','','','',171),(620,'','7:00-8:30','','','',171),(621,'10:30-12:00','','','','',171),(622,'','','','10:30-12:00','',171),(623,'','','','','12:00-13:30',171),(624,'','','','13:30-15:00','',171),(625,'','','','','8:30-10:00',171),(626,'','10:30-12:00 L','10:30-12:00','','10:30-12:00',172),(627,'7:00-8:30 L','','','7:00-8:30 L','8:30-10:00',172),(628,'','7:00-8:30','7:00-8:30','','7:00-8:30 L',172),(629,'13:30-15:00','13:30-15:00','','','',173),(630,'10:30-12:00','8:30-10:00','','10:30-12:00 L','',173),(631,'','12:00-13:30 L','13:30-15:00','','12:00-13:30',173),(632,'','10:30-12:00','10:30-12:00','','10:30-12:00 L',173),(633,'','7:00-8:30 L','7:00-8:30','','7:00-8:30',174),(634,'10:30-12:00','8:30-10:00 L','','10:30-12:00','',174),(635,'8:30-10:00','','8:30-10:00','8:30-10:00 L','',174),(636,'10:30-12:00','8:30-10:00','','10:30-12:00','',175),(637,'','10:30-12:00','10:30-12:00','','10:30-12:00 L',175),(638,'','','','12:00-13:30','',176),(639,'','10:30-12:00 L','10:30-12:00','','10:30-12:00',176),(640,'','','13:30-15:00','','',176),(641,'','7:00-8:30','7:00-8:30','','7:00-8:30 L',176),(642,'20:00-21:30 L','','20:00-21:30','20:00-21:30','',177),(643,'18:30-20:00 L','16:30-18:00','','18:30-20:00','',177),(644,'','18:30-20:00','18:30-20:00 L','','18:30-20:00',177),(645,'16:30-18:00 L','','16:30-18:00','16:30-18:00','',177),(646,'12:00-13:30','','12:00-13:30 L','12:00-13:30','',178),(647,'','','','','10:30-12:00',178),(648,'7:00-8:30','','','7:00-8:30','8:30-10:00 L',178),(649,'8:30-10:00','','8:30-10:00','','',178),(650,'','7:00-8:30 L','7:00-8:30','','7:00-8:30',178),(651,'','15:00-16:30','15:00-16:30','','15:00-16:30 L',179),(652,'','12:00-13:30','13:30-15:00 L','','12:00-13:30',179),(653,'16:30-18:00','','16:30-18:00','16:30-18:00 L','',180),(654,'','15:00-16:30','15:00-16:30','','15:00-16:30',181),(655,'15:00-16:30','','','15:00-16:30','16:30-18:00',181),(656,'16:30-18:00','','16:30-18:00','16:30-18:00','',181),(657,'','','','10:30-12:00','',182),(658,'12:00-13:30','','12:00-13:30 L','12:00-13:30','',182),(659,'','10:30-12:00','','','',182),(660,'','7:00-8:30','7:00-8:30 L','','7:00-8:30',182),(661,'15:00-16:30','','','15:00-16:30 L','16:30-18:00',183),(662,'','15:00-16:30','15:00-16:30 L','','15:00-16:30',183),(663,'18:30-20:00','16:30-18:00 L','','18:30-20:00','',183),(664,'16:30-18:00','','16:30-18:00 L','16:30-18:00','',183),(665,'','12:00-13:30','13:30-15:00','','',184),(666,'','7:00-8:30','7:00-8:30 L','','7:00-8:30',184),(667,'7:00-8:30','','','7:00-8:30 L','8:30-10:00',184),(668,'7:00-8:30 L','','','7:00-8:30','8:30-10:00',185),(669,'','10:30-12:00 L','10:30-12:00','','10:30-12:00',185),(670,'12:00-13:30','','12:00-13:30','12:00-13:30 L','',185),(671,'','7:00-8:30','7:00-8:30 L','','7:00-8:30',185),(672,'','','','','8:30-10:00',186),(673,'12:00-13:30','','','','',186),(674,'','7:00-8:30','','','',186),(675,'','','12:00-13:30','','',186),(676,'','','','','10:30-12:00',186),(677,'10:30-12:00','','','','',186),(678,'','','10:30-12:00','','',186),(679,'','','','8:30-10:00','',186),(680,'','10:30-12:00','','','',186),(681,'','','8:30-10:00','','',186),(682,'','','','10:30-12:00','',186),(683,'8:30-10:00','','','','',186),(684,'7:00-8:30','','','7:00-8:30','8:30-10:00 L',187),(685,'12:00-13:30','','12:00-13:30 L','12:00-13:30','',187),(686,'10:30-12:00','','','','',188),(687,'','','7:00-8:30','','',188),(688,'12:00-13:30','','','','',188),(689,'','','10:30-12:00','','',188),(690,'','12:00-13:30','','','',188),(691,'','','12:00-13:30','','',188),(692,'','','','10:30-12:00','',188),(693,'','7:00-8:30','','','',188),(694,'','10:30-12:00','','','',188),(695,'7:00-8:30','','','','',188),(696,'','','','7:00-8:30','',188),(697,'','','','','7:00-8:30',188),(698,'','','','12:00-13:30','',189),(699,'','','12:00-13:30','','',189),(700,'','','','','10:30-12:00',189),(701,'8:30-10:00','','','','',189),(702,'12:00-13:30','','','','',189),(703,'','12:00-13:30','','','',189),(704,'','10:30-12:00','','','',189),(705,'7:00-8:30 L','','','7:00-8:30','8:30-10:00',190),(706,'10:30-12:00 L','8:30-10:00','','10:30-12:00','',190),(707,'12:00-13:30','','12:00-13:30','12:00-13:30 L','',190),(708,'10:30-12:00','8:30-10:00','','10:30-12:00','',191),(709,'8:30-10:00','','8:30-10:00','8:30-10:00 L','',191),(710,'','12:00-14:00','','12:00-14:00','',192),(711,'12:00-14:00','','','','',192),(712,'','','','','10:30-12:00',193),(713,'','','','','8:30-10:00',193),(714,'','12:00-13:30 L','13:30-15:00','','12:00-13:30',193),(715,'13:30-15:00','13:30-15:00','','13:30-15:00','',193),(716,'8:30-10:00','','','','',194),(717,'10:30-12:00','','','','',194),(718,'','10:30-12:00','','','',194),(719,'','15:00-16:30 L','15:00-16:30','','15:00-16:30',194),(720,'','','','','10:30-12:00',194),(721,'12:00-13:30','','','','',194),(722,'','','12:00-13:30','','',194),(723,'','12:00-13:30','','','',194),(724,'7:00-8:30','','','','',194),(725,'','12:00-13:30','','','',195),(726,'','','13:30-15:00','','',195),(727,'13:30-15:00','','','','',195),(728,'','','','','12:00-13:30',195),(729,'16:30-18:00','','16:30-18:00','16:30-18:00 L','',195),(730,'12:00-13:30','','12:00-13:30 L','12:00-13:30','',195),(731,'18:30-20:00','16:30-18:00','','18:30-20:00 L','',195),(732,'','','','13:30-15:00','',195),(733,'','18:30-20:00','18:30-20:00','','',195),(734,'16:30-18:00','','','','',196),(735,'','','18:30-20:00','','',196),(736,'','18:30-20:00','','','',196),(737,'','15:00-16:30','15:00-16:30','','15:00-16:30 L',196),(738,'20:00-21:30 L','','20:00-21:30','20:00-21:30','',196),(739,'18:30-20:00 L','16:30-18:00','','18:30-20:00','',196),(740,'10:30-12:00','08:30-10:00','','10:30-12:00','',197),(741,'','7:00-8:30','7:00-8:30','','7:00-8:30',197),(742,'7:00-8:30','','','7:00-8:30','8:30-10:00',197),(743,'16:30-18:00','','16:30-18:00 L','16:30-18:00 L','',198),(744,'','','15:00-16:30','','',198),(745,'','','','','15:00-16:30',198),(746,'18:30-20:00','16:30-18:00 L','','18:30-20:00','',198),(747,'20:00-21:30','','20:00-21:30','20:00-21:30 L','',198),(748,'12:00-13:30','','','','',199),(749,'10:30-12:00 L','8:30-10:00','','10:30-12:00','',199),(750,'13:30-15:00','','','','',199),(751,'','','','','8:30-10:00',199),(752,'8:30-10:00 L','','8:30-10:00','8:30-10:00','',199),(753,'18:30-20:00 L','16:30-18:00','','18:30-20:00','',200),(754,'15:00-16:30','','','15:00-16:30','16:30-18:00',200),(755,'','18:30-20:00','18:30-20:00','','18:30-20:00',201),(756,'15:00-16:30','','','15:00-16:30 L','16:30-18:00 L',201),(757,'18:30-20:00','16:30-18:00 L','','18:30-20:00 L','',201),(758,'16:30-18:00 L','','16:30-18:00','16:30-18:00','',202),(759,'15:00-16:30','','','','',202),(760,'','15:00-16:30','','','',202),(761,'18:30-20:00 L','16:30-18:00','','18:30-20:00','',202);
/*!40000 ALTER TABLE `horario` ENABLE KEYS */;
UNLOCK TABLES;

--
-- Table structure for table `profesor`
--

DROP TABLE IF EXISTS `profesor`;
/*!40101 SET @saved_cs_client     = @@character_set_client */;
/*!40101 SET character_set_client = utf8 */;
CREATE TABLE `profesor` (
  `IdProfesor` int(11) NOT NULL AUTO_INCREMENT,
  `Nombre` varchar(50) NOT NULL,
  `APaterno` varchar(50) NOT NULL,
  `AMaterno` varchar(50) NOT NULL,
  `Email` varchar(140) DEFAULT NULL,
  PRIMARY KEY (`IdProfesor`)
) ENGINE=InnoDB AUTO_INCREMENT=237 DEFAULT CHARSET=latin1;
/*!40101 SET character_set_client = @saved_cs_client */;

--
-- Dumping data for table `profesor`
--

LOCK TABLES `profesor` WRITE;
/*!40000 ALTER TABLE `profesor` DISABLE KEYS */;
INSERT INTO `profesor` VALUES (3,'Rafael','Aguilar','García',NULL),(4,'Fernando','Aguilar','Sánchez',NULL),(5,'Verónica','Agustín','Domínguez',NULL),(6,'Alberto Jesús','Alcántara','Méndez',NULL),(7,'Juan Jesús','Alcaraz','Torres',NULL),(8,'Rocío','Almazán','Farfán',NULL),(9,'Maribel','Aragón','García',NULL),(10,'David','Araujo','Díaz',NULL),(11,'Jacqueline','Arzate','Gordillo',NULL),(12,'Marco Antonio','Barranco','Jiménez',NULL),(13,'Ricardo','Barrón','Fernández',NULL),(14,'Josue Emanuel','Barrón','Vera',NULL),(15,'Sandra Ivette','Bautista','Rosales',NULL),(16,'Alejandro','Botello','Castillo',NULL),(17,'Israel','Buitrón','Damaso',NULL),(18,'Eduardo','Bustos','Farias',NULL),(19,'Gloria Lourdes','Cabrera','Chávez',NULL),(20,'Sergio','Cancino','Calderón',NULL),(21,'Odette Berenice','Cancino','Mosqueda',NULL),(22,'Leticia','Cañedo','Suárez',NULL),(23,'Juan Manuel','Carballo','Jiménez',NULL),(24,'Oscar','Carranza','Castillo',NULL),(25,'Chadwick','Carreto','Arellano',NULL),(26,'Blanca Esther','Carvajal','Gámez',NULL),(27,'Gelacio','Castillo','Cabrera',NULL),(28,'Edgar Armando','Catalán','Salgado',NULL),(29,'Ricardo','Ceballos','Sebastián',NULL),(30,'Adriana Berenice','Celis','Domínguez',NULL),(31,'Ismael','Cervantes','De Anda',NULL),(32,'Luis Moctezuma','Cervantes','Espinosa',NULL),(33,'Lorena','Chavarría','Báez',NULL),(34,'Eduardo','Chávez','Lima',NULL),(35,'Alejandro Sigfrido','Cifuentes','Álvarez',NULL),(36,'Martha Rosa','Cordero','López',NULL),(37,'Ukranio','Coronilla','Contreras',NULL),(38,'Jorge','Cortés','Galicia',NULL),(39,'Nidia Asunción','Cortez','Duarte',NULL),(40,'Daniel','Cruz','García',NULL),(41,'Apolinar Francisco','Cruz','Lázaro',NULL),(42,'María Elena','Cruz','Meza',NULL),(43,'Benjamín','Cruz','Torres',NULL),(44,'José Carlos','Dávalos','López',NULL),(45,'Saúl','De la O','Torres',NULL),(46,'Roberto','De Luna','Caballero',NULL),(47,'Saúl','Del Ángel','Ávalos',NULL),(48,'Claudia Celia','Díaz','Huerta',NULL),(49,'Ricardo Felipe','Díaz','Santiago',NULL),(50,'Sandra','Díaz','Santiago',NULL),(51,'Iván','Díaz','Toalá',NULL),(52,'Marco Antonio','Dorantes','González',NULL),(53,'Claudia Jisela','Dorantes','Villa',NULL),(54,'Edmundo René','Durán','Camarillo',NULL),(55,'José Asunción','Enríquez','Zárate',NULL),(56,'Patricia','Escamilla','Miranda',NULL),(57,'José Armando','Esquivel','Centeno',NULL),(58,'Serafín','Estrada','Elizalde',NULL),(59,'Alfonso','Fernández','Vázquez',NULL),(60,'Felipe de Jesús','Figueroa','Del Prado',NULL),(61,'Rolando','Flores','Carapia',NULL),(62,'Raquel','Flores','Delgado',NULL),(63,'Yaxkin','Flores','Mendoza',NULL),(64,'Edgardo Adrián','Franco','Martínez',NULL),(65,'Rubén','Galicia','Mejía',NULL),(66,'María Gabriela','Galiñanes','Rodríguez',NULL),(67,'Consuelo Varinia','García','Mendoza',NULL),(68,'Victor Hugo','García','Ortega',NULL),(69,'Juan Vicente','García','Sales',NULL),(70,'Fabián','Gaspar','Medina',NULL),(71,'Margarita Elizabeth','Gómez','Mayorga',NULL),(72,'Gisela','González','Albarrán',NULL),(73,'Alejandro','González','Cisneros',NULL),(74,'Marko Alfonso','González','Ramírez',NULL),(75,'Miguel Ángel','González','Trujillo',NULL),(76,'Eduardo','Gutiérrez','Aldana',NULL),(77,'Darwin','Gutiérrez','Mejía',NULL),(78,'Florencio','Guzmán','Aguilar',NULL),(79,'Jessie Paulina','Guzmán','Flores',NULL),(80,'Leticia','Henestrosa','Carrasco',NULL),(81,'José Luis','Hernández','Aguilar',NULL),(82,'Euler','Hernández','Contreras',NULL),(83,'Macario','Hernández','Cruz',NULL),(84,'Rosa Alba','Hernández','García',NULL),(85,'Josefína','Hernández','Jaime',NULL),(86,'Luis Enrique','Hernández','Olvera',NULL),(87,'Erika','Hernández','Rubio',NULL),(88,'José Celestino Elías','Hernández','Secundino',NULL),(89,'Crispin','Herrera','Yañez',NULL),(90,'José Alfredo','Jiménez','Benítez',NULL),(91,'Edith Adriana','Jiménez','Contreras',NULL),(92,' Yasmín Ivette','Jiménez','Galán',NULL),(93,'René Baltazar','Jiménez','Ruíz',NULL),(94,'Martha Patricia','Jiménez','Villanueva',NULL),(95,'Carlos','Juárez','León',NULL),(96,'Genaro','Juárez','Martínez',NULL),(97,'Jazmín Adriana','Juárez','Ramírez',NULL),(98,'Roberto','Jurado','Jiménez',NULL),(99,'   Olga','Kolesnikova','',NULL),(100,'Laura','Lazcano','Xoxotla',NULL),(101,'Miguel Abel','León','Hernández',NULL),(102,'Ariel','López',' Rojas',NULL),(103,'Benjamín','López','Carrera',NULL),(104,'Luis Octavio','López','Leyva',NULL),(105,'José Jaime','López','Rabadan',NULL),(106,'Claudia Alejandra','López','Rodríguez',NULL),(107,'Gabriela de Jesús','López','Ruíz',NULL),(108,'Benjamín','Luna','Benoso',NULL),(109,'Jesús','Macías','Sustaita',NULL),(110,'Idalia','Maldonado','Castillo',NULL),(111,'Miguel Ángel','Maldonado','Muñoz',NULL),(112,'Roberto','Mandujano','José',NULL),(113,'Héctor Manuel','Manzanilla','Granados',NULL),(114,'Guillermo','Márquez','Arreguín',NULL),(115,'Lilian','Martínez','Acosta',NULL),(116,'Juan Carlos','Martínez','Díaz',NULL),(117,'César Román','Martínez','García',NULL),(118,'José Alfredo','Martínez','Guerrero',NULL),(119,'Jesús Alfredo','Martínez','Nuño',NULL),(120,'José Cruz','Martínez','Perales',NULL),(121,'Ricardo','Martínez','Rosales',NULL),(122,'Virginia','Medina','Mejía',NULL),(123,'Reyna Elia','Melara','Abarca',NULL),(124,'Laura','Méndez','Segundo',NULL),(125,'Elba','Mendoza','Macías',NULL),(126,'Hermes Francisco','Montes','Casiano',NULL),(127,'Ángel Salvador','Montiel','Sánchez',NULL),(128,'Juan Carlos','Morales','Cruz',NULL),(129,'Ángel','Morales','González',NULL),(130,'Sandra Luz','Morales','Güitrón',NULL),(131,'Marco Antonio','Moreno','Armendáriz',NULL),(132,'Axel Ernesto','Moreno','Cervantes',NULL),(133,'Yosafat','Moscoso','Malagón',NULL),(134,'Iván Giovanny','Mosso','García',NULL),(135,'César','Mújica','Ascencio',NULL),(136,'Laura','Muñoz','Salazar',NULL),(137,'Fabiola','Ocampo','Botello',NULL),(138,'Nancy','Ocotitla','Rojas',NULL),(139,'Didier','Ojeda','Guillén',NULL),(140,'Miguel','Olvera','Aldana',NULL),(141,'Rubén','Ortega','González',NULL),(142,'José David','Ortega','Pacheco',NULL),(143,'Andrés','Ortigoza','Campos',NULL),(144,'José Antonio','Ortíz','Ramírez',NULL),(145,'Jesús','Ortuño','Araujo',NULL),(146,'Rocío','Palacios','Solano',NULL),(147,'Rosaura','Palma','Orozco',NULL),(148,'Myriam Noemí','Paredes','Cadena',NULL),(149,'Carlos Jesús','Pastrana','Fernández',NULL),(150,'Rubén','Peredo','Valderrama',NULL),(151,'Mondragón Tanibet','Pérez','de los Santos',NULL),(152,'José Juan','Pérez','Pérez',NULL),(153,'Jaime Hugo','Puebla','Lomas',NULL),(154,'Tonáhtiu Arturo','Ramírez','Romero',NULL),(155,'Josué','Rangel','González',NULL),(156,'Alfredo','Rangel','Guzmán',NULL),(157,'Rocío','Reséndiz','Muñoz',NULL),(158,'Tlatoani de Jesús','Reyes','Bermejo',NULL),(159,'Ignacio','Ríos','de la Torre',NULL),(160,'Mónica','Rivera','De la Rosa',NULL),(161,'María del Rosario','Rocha','Bernabé',NULL),(162,'Eduardo','Rodríguez','Flores',NULL),(163,'Héctor','Rojas','Luna',NULL),(164,'Jorge Luís','Rosas','Trigueros',NULL),(165,'José Marco Antonio','Rueda','Meléndez',NULL),(166,'Elena Fabiola','Ruíz','Ledesma',NULL),(167,'Manuel','Salazar','Ramírez',NULL),(168,'Encarnación','Salinas','Hernández',NULL),(169,'Sergio','Salinas','Lugo',NULL),(170,'Gilberto','Sánchez',' Quintanilla',NULL),(171,'José Emilio','Sánchez','Arroyo',NULL),(172,'Virginia','Sánchez','Cruz',NULL),(173,'Luz María','Sánchez','García',NULL),(174,'José','Sánchez','Juárez',NULL),(175,'Adriana de la Paz','Sánchez','Moreno',NULL),(176,'María Susana','Sánchez','Palacios',NULL),(177,'Raúl','Santillán','Luna',NULL),(178,'Rafael Norman','Saucedo','Delgado',NULL),(179,'José Felix','Serrano','Talamantes',NULL),(180,'Victor Manuel','Silva','García',NULL),(181,'Jorge Javier','Silva','Martínez',NULL),(182,'Misael','Solorza','Guzmán',NULL),(183,'Manuel Alejandro','Soto','Ramos',NULL),(184,'Miguel Santiago','Suárez','Castañón',NULL),(185,'Roberto','Tecla','Parra',NULL),(186,'Juan Carlos','Téllez','Barrera',NULL),(187,'Ma. del Socorro','Téllez','Reyes',NULL),(188,'Marco Antonio','Tenorio','Marrón',NULL),(189,'Alexis','Testa','Nava',NULL),(190,'Enrique','Torres','González',NULL),(191,'Juan José','Torres','Manriquez',NULL),(192,'David Ernesto','Troncoso','Romero',NULL),(193,'Roberto','Vázquez','Arreguín',NULL),(194,'Mijaíl','Vázquez','Ortiz',NULL),(195,'Nayeli','Vega','García',NULL),(196,'Ulises','Vélez','Saldaña',NULL),(197,'Gumersindo','Vera','Hernández',NULL),(198,'Sonia','Villegas','Navarrete',NULL),(199,'Karina','Viveros','Vela',NULL),(200,'Ana María','Winfield','Reyes',NULL),(201,'Bernardo','Yllanes','Mejía',NULL),(202,'Ahmed','Zekkour','Zekkour',NULL),(203,'Joel Omar','Juárez','Gambino',NULL),(204,'Mario Augusto','García','Morales',NULL),(205,'Carlos','Silva','Sánchez',NULL),(206,'Roberto Eswart','Zagal','Flores',NULL),(207,'Miguel Felix','Mata','Rivera',NULL),(208,'Rodolfo','Romero','Herrera',NULL),(209,'Amilcar','Meneses','Viveros',NULL),(210,'Abraham','Rodríguez','Mota',NULL),(211,'Héctor Manuel','Paz','Rodríguez',NULL),(212,'Carlos Alberto','Lozada','Pérez',NULL),(213,'Luz Noé','Oliva','Moreno',NULL),(214,'Jorge Armin','García','López',NULL),(215,'Rubén','Hernández','Tovar',NULL),(216,'Judith Margarita','Tirado','Lule',NULL),(217,'Ángel Sergio','Cifuentes','Castro',NULL),(218,'Jesús Manuel','Olivares','Ceja',NULL),(219,'Jesús Yaljá','Montiel','Pérez',NULL),(220,'Jorge','Ferrer','Tenorio',NULL),(221,'Leonor','Vázquez','González',NULL),(222,'Amadeo José','Argüelles','Cruz',NULL),(223,'Mario','Aldape','Pérez',NULL),(224,'Monserrat Gabriela','Pérez','Vera',NULL),(225,'Miguel','Garduño','Hesiquio',NULL),(226,'Ricardo','Menchaca','Méndez',NULL),(227,'Lucero Anabel','Trejo','Muñoz',NULL),(228,'Germán','Téllez','Castillo',NULL),(229,'Antonio Gustavo','Juárez','Gracia',NULL),(230,'Iván','Peredo','Valderrama',NULL),(231,'María Eugenia','González','Vázquez',NULL),(232,'Natalia','Arias','Trejo',NULL),(233,'Salvador','Godoy','Calderón',NULL),(234,'Sandra Mercedes','Pérez','Vera',NULL),(235,'José Luis','Calde?on','Osornio',NULL),(236,'Alicia Guillermina','Juárez','Carrión',NULL);
/*!40000 ALTER TABLE `profesor` ENABLE KEYS */;
UNLOCK TABLES;

--
-- Table structure for table `sala`
--

DROP TABLE IF EXISTS `sala`;
/*!40101 SET @saved_cs_client     = @@character_set_client */;
/*!40101 SET character_set_client = utf8 */;
CREATE TABLE `sala` (
  `IdSala` int(11) NOT NULL AUTO_INCREMENT,
  `Nombre` varchar(50) NOT NULL,
  PRIMARY KEY (`IdSala`)
) ENGINE=InnoDB AUTO_INCREMENT=9 DEFAULT CHARSET=latin1;
/*!40101 SET character_set_client = @saved_cs_client */;

--
-- Dumping data for table `sala`
--

LOCK TABLES `sala` WRITE;
/*!40000 ALTER TABLE `sala` DISABLE KEYS */;
INSERT INTO `sala` VALUES (1,'SALA DE EXÁMENES PROFESIONALES'),(2,'SALA EDUARDO TORRIJOS OCÁDIZ'),(3,'SALA 1009'),(4,'SALA 21-N'),(5,'SALA 21-S'),(6,'SALA 22-N'),(7,'SALA 25-N'),(8,'SALA 25-S');
/*!40000 ALTER TABLE `sala` ENABLE KEYS */;
UNLOCK TABLES;

--
-- Table structure for table `sinodalia`
--

DROP TABLE IF EXISTS `sinodalia`;
/*!40101 SET @saved_cs_client     = @@character_set_client */;
/*!40101 SET character_set_client = utf8 */;
CREATE TABLE `sinodalia` (
  `IdTT` varchar(9) NOT NULL,
  `S1` int(11) NOT NULL,
  `S2` int(11) NOT NULL,
  `S3` int(11) DEFAULT NULL,
  PRIMARY KEY (`IdTT`),
  KEY `S1` (`S1`),
  KEY `S2` (`S2`),
  KEY `S3` (`S3`),
  CONSTRAINT `SINODALIA_ibfk_1` FOREIGN KEY (`S1`) REFERENCES `profesor` (`IdProfesor`) ON DELETE CASCADE ON UPDATE CASCADE,
  CONSTRAINT `SINODALIA_ibfk_2` FOREIGN KEY (`S2`) REFERENCES `profesor` (`IdProfesor`) ON DELETE CASCADE ON UPDATE CASCADE,
  CONSTRAINT `SINODALIA_ibfk_3` FOREIGN KEY (`S3`) REFERENCES `profesor` (`IdProfesor`) ON DELETE CASCADE ON UPDATE CASCADE
) ENGINE=InnoDB DEFAULT CHARSET=latin1;
/*!40101 SET character_set_client = @saved_cs_client */;

--
-- Dumping data for table `sinodalia`
--

LOCK TABLES `sinodalia` WRITE;
/*!40000 ALTER TABLE `sinodalia` DISABLE KEYS */;
INSERT INTO `sinodalia` VALUES ('17-2-0001',134,99,28),('17-2-0004',141,116,126),('17-2-0006',58,187,174),('17-2-0008',23,46,120),('17-2-0009',195,6,77),('17-2-0010',200,87,46),('17-2-0011',82,44,124),('17-2-0012',137,64,25),('17-2-0013',150,172,178),('17-2-0014',170,74,69),('17-2-0016',43,55,173),('17-2-0018',137,74,157),('2015-B117',107,162,NULL),('2016-A001',92,28,15),('2016-A002',82,125,55),('2016-A003',144,147,129),('2016-A004',219,201,55),('2016-A005',45,74,126),('2016-A006',196,173,100),('2016-A007',33,50,153),('2016-A009',42,72,185),('2016-A010',50,83,9),('2016-A012',162,149,126),('2016-A013',50,137,236),('2016-A015',38,132,40),('2016-A016',45,137,120),('2016-A017',33,190,203),('2016-A018',183,197,55),('2016-A019',16,108,74),('2016-A020',30,142,64),('2016-A021',219,39,126),('2016-A022',45,50,107),('2016-A023',87,114,173),('2016-A024',83,183,30),('2016-A025',69,137,62),('2016-A026',132,120,126),('2016-A027',124,172,67),('2016-A028',55,132,126),('2016-A031',124,160,79),('2016-A033',45,69,55),('2016-A034',144,175,199),('2016-A036',234,173,55),('2016-A037',165,141,93),('2016-A038',63,124,197),('2016-A039',16,74,111),('2016-A041',157,41,15),('2016-A042',178,224,55),('2016-A043',69,172,28),('2016-A044',44,185,126),('2016-A045',63,107,115),('2016-A046',116,118,28),('2016-A047',107,112,149),('2016-A048',82,157,122),('2016-A049',175,110,177),('2016-A050',82,9,166),('2016-A051',108,150,85),('2016-A052',107,141,27),('2016-A054',69,206,187),('2016-A055',138,185,208),('2016-A056',27,142,195),('2016-A058',10,44,78),('2016-A059',178,184,155),('2016-A060',83,132,91),('2016-A063',42,197,67),('2016-A065',165,55,187),('2016-A066',183,133,17),('2016-A067',60,39,195),('2016-A068',35,165,153),('2016-A070',206,134,67),('2016-A071',138,9,30),('2016-A072',45,107,21),('2016-A074',236,60,110),('2016-A075',115,110,133),('2016-A076',149,142,126),('2016-A078',107,120,234),('2016-A079',18,64,55),('2016-A080',3,33,100),('2016-A081',107,128,161),('2016-A083',76,11,179),('2016-A084',44,82,184),('2016-A086',33,235,200),('2016-A087',16,82,40),('2016-A088',111,173,126),('2016-A090',142,69,6),('2016-B001',82,154,74),('2016-B002',195,132,149),('2016-B003',120,69,74),('2016-B004',150,173,126),('2016-B005',35,105,72),('2016-B006',63,123,105),('2016-B007',178,154,78),('2016-B009',39,25,183),('2016-B010',36,42,44),('2016-B011',36,64,140),('2016-B013',87,118,104),('2016-B014',36,108,158),('2016-B015',158,36,164),('2016-B016',199,150,157),('2016-B017',37,15,150),('2016-B018',137,174,42),('2016-B019',74,135,116),('2016-B020',87,184,125),('2016-B021',132,183,40),('2016-B022',123,106,141),('2016-B023',195,52,185),('2016-B024',63,74,107),('2016-B025',137,21,64),('2016-B027',21,184,102),('2016-B028',87,164,147),('2016-B029',179,133,52),('2016-B030',20,39,195),('2016-B031',105,107,157),('2016-B032',6,60,152),('2016-B033',25,164,72),('2016-B034',126,52,184),('2016-B035',11,8,NULL),('2016-B036',123,195,69),('2016-B037',186,177,37),('2016-B038',184,147,107),('2016-B039',126,28,173),('2016-B040',153,41,28),('2016-B042',105,34,30),('2016-B043',106,107,195),('2016-B044',178,40,140),('2016-B045',17,147,183),('2016-B046',147,124,158),('2016-B047',20,152,133),('2016-B048',175,87,157),('2016-B050',141,142,52),('2016-B051',179,183,173),('2016-B052',160,142,50),('2016-B055',152,186,135),('2016-B056',104,153,152),('2016-B057',4,183,46),('2016-B059',36,31,119),('2016-B060',196,200,42),('2016-B061',119,44,89),('2016-B062',172,174,34),('2016-B064',9,124,38),('2016-B065',187,124,108),('2016-B066',43,183,37),('2016-B067',200,203,126),('2016-B068',82,179,120),('2016-B071',92,82,83),('2016-B072',119,124,76),('2016-B074',11,46,149),('2016-B075',170,179,49),('2016-B076',40,17,138),('2016-B077',134,69,53),('2016-B078',115,82,142),('2016-B079',196,130,69),('2016-B081',68,6,149),('2016-B082',199,137,178),('2016-B083',6,43,105),('2016-B086',81,68,NULL),('2016-B088',111,28,67),('2016-B089',76,138,50),('2016-B091',46,78,96),('2016-B092',126,33,3),('2016-B093',170,135,107),('2016-B095',179,87,44),('2016-B096',175,82,46),('2016-B099',82,21,NULL),('2016-B101',66,144,43),('2016-B102',152,37,157),('2016-B103',46,28,197),('2016-B104',144,30,58),('2016-B105',12,23,119),('2016-B106',132,123,120),('2016-B107',25,198,197),('2016-B111',144,46,90),('2016-B112',130,142,46),('2016-B113',68,124,178),('2016-B114',83,100,190),('2016-B115',82,132,185),('2016-B119',154,224,55),('2016-B120',55,154,150),('2016-B121',82,154,41),('2016-B122',82,157,62),('2016-B123',44,51,31),('2016-B124',138,206,63),('2016-B126',198,72,144),('2016-B127',132,138,44),('2016-B128',30,46,183);
/*!40000 ALTER TABLE `sinodalia` ENABLE KEYS */;
UNLOCK TABLES;

--
-- Table structure for table `tt`
--

DROP TABLE IF EXISTS `tt`;
/*!40101 SET @saved_cs_client     = @@character_set_client */;
/*!40101 SET character_set_client = utf8 */;
CREATE TABLE `tt` (
  `IdTT` varchar(10) NOT NULL,
  `Nombre` varchar(444) NOT NULL,
  `Nivel` int(11) NOT NULL,
  PRIMARY KEY (`IdTT`)
) ENGINE=InnoDB DEFAULT CHARSET=latin1;
/*!40101 SET character_set_client = @saved_cs_client */;

--
-- Dumping data for table `tt`
--

LOCK TABLES `tt` WRITE;
/*!40000 ALTER TABLE `tt` DISABLE KEYS */;
INSERT INTO `tt` VALUES ('17-2-0001','MÉTODOS, MODELOS Y HERRAMIENTA PARA ENCONTRAR LA SIMILITUD ENTRE PATRONES NÚMERICOS',3),('17-2-0004','PROTOTIPO DE IMPRESORAS 3D PARA USO DOMÉSTICO',3),('17-2-0006','SISTEMA DE RECOMENDACIONES ENFOCADO AL RETAIL EN MÉXICO',3),('17-2-0008','OPTIMIZACIÓN DE UN MODELO TERMODINÁMICO ENDORREVERSIBLE PARA LA CONVERSIÓN DE ENERGÍA SOLAR EN ENERGÍA DE VIENTO.',3),('17-2-0009','OBTENCIÓN DEL RENDIMIENTO DE COMBUSTIBLE EN AUTOMÓVILES MEDIANTE UNA APLICACIÓN MÓVIL',3),('17-2-0010','VIDEOJUEGO MÓVIL PARA LA PREVENCIÓN DE ADICCIONES A SUSTANCIAS NOCIVAS EN ADOLECENTES DE 12 A 18 AÑOS',3),('17-2-0011','SOFTWARE PARA COMPRESIÓN DE IMÁGENES CON ALGORITMO QUADTREE',3),('17-2-0012','APLICACIÓN MÓVIL PARA PREDICCIÓN Y DIAGNÓSTICO DE CÁNCER DE MAMA BASADO EN APRENDIZAJE MÁQUINA',3),('17-2-0013','DISEÑO DE ALGORITMO METAHEURÍSTICO PARA ASIGNACIÓN AUTOMÁTICA DE RECURSOS EN GESTIÓN DE PROYECTOS E IMPLEMENTACIÓN EN COMPONENTE WEB',3),('17-2-0014','DETECCIÓN Y RECURRENCIA DE CÁNCER DE MAMA POR MEDIO DE RECONOCIMIENTO DE PATRONES',3),('17-2-0016','SISTEMA MONITOR DE MENSAJES PARA LA IDENTIFICACIÓN DE ZONAS DE INSEGURIDAD',3),('17-2-0018','HERRAMIENTA INFORMATIVA DE APOYO A MÉDICOS DEL RIESGO DE MORTANDAD DE LOS PACIENTES CON HEPATITIS',3),('2015-B117','EXOESQUELETO PARA NIÑOS CON PARAPLEJIA A TRAVÉS DE SEÑALES NEURONALES (EXONPASN)',1),('2016-A001','HERRAMIENTA DE APOYO EN RED PARA LA GENERACIÓN DE FORMATOS SOLICITADOS POR ALUMNOS BRIGADISTAS REGISTRADOS ANTE LA DESS-IPN.',2),('2016-A002','HABILITADOR DE DATOS PARA ANÁLISIS EN BIG DATA',2),('2016-A003','SISTEMA DE SIMULACIÓN PARA LA OPTIMIZACIÓN DEL PUMA-BUS ',2),('2016-A004','PROTOTIPO GENERADOR DE GUIONES DE PRUEBA',2),('2016-A005','APLICACIÓN WEB SOCIAL PARA LECTORES CON GEOLOCALIZACIÓN UTILIZANDO TECNOLOGÍAS DE WEB SEMÁNTICA E IMPORTANDO PREFERENCIAS DE FACEBOOK',2),('2016-A006','SISTEMA DE APOYO PARA LA ENSEÑANZA DEL LENGUAJE DE SEÑAS DE LOS SÍNTOMAS DE LAS ENFERMEDADES MÁS COMUNES EN MÉXICO “EN-SEÑA” ',2),('2016-A007','SISTEMA DE ANÁLISIS Y EXTRACCIÓN DE DATOS PARA LA GENERACIÓN DE INFORMACIÓN, CASO DE ESTUDIO: SMART FITTING ROOM.',2),('2016-A009','CLASIFICADOR BASADO EN REDES NEURONALES PROFUNDAS',2),('2016-A010','SITIO WEB PARA LA VISUALIZACIÓN Y DIFUSIÓN DE CONTENIDO LITERARIO GENERADO POR LOS USUARIOS',2),('2016-A012','APLICACIÓN WEB BASADA EN PATRONES DE DISEÑO DE SOFTWARE DE APOYO PARA EL PROGRAMA DE TRANSPORTE UNIVERSITARIO',2),('2016-A013','SISTEMA KEDA PARA CREACIÓN Y DIFUSIÓN DE CURRÍCULUM VITAE',2),('2016-A015','IMPLEMENTACIÓN DE ALGORITMOS DE CIFRADO PARA PROTEGER DOCUMENTOS EN LA NUBE.',2),('2016-A016','PROTOTIPO PARA EL ANÁLISIS DE INFORMACIÓN DELICTIVA EN REDES SOCIALES: CASO ROBO DE VEHÍCULOS',2),('2016-A017','PROTOTIPO DE ANÁLISIS DE TEMÁTICAS EN REDES SOCIALES',2),('2016-A018','MOBICEC: PROTOTIPO PARA SEGUIMIENTO DE USUARIOS DE EDUCACIÓN CONTINUA BASADO EN AGENTES INTELIGENTES.',2),('2016-A019','SISTEMA WEB PARA LA IDENTIFICACIÓN DE EDIFICIOS EN LA AVENIDA PASEO DE LA REFORMA',2),('2016-A020','SISTEMA PARA LA GESTIÓN DEL PROCESO DE EVALUACIÓN FORMATIVA “KLUG”',2),('2016-A021','SISTEMA DE GENERACIÓN DE TOKENS USANDO CIFRADOS QUE PRESERVAN EL FORMATO',2),('2016-A022','CONTROL DE TRÁFICO VEHICULAR MEDIANTE INTERNET DE LAS COSAS',2),('2016-A023','SISTEMA DE ACERVO DE CONTENIDO ACADÉMICO MULTIMEDIA “ALEXANDRÍA”',2),('2016-A024','PROTOTIPO DE APLICACIÓN WEB PARA LA EDUCACÍON A DISTANCIA \"COREPROGRAMMING\"',2),('2016-A025','SISTEMA WEB PARA FOMENTAR LA INTERCULTURALIDAD EN NIÑOS DE DIFERENTES PAÍSES Y CULTURAS BAJO LA SUPERVISIÓN DE UN TUTOR O RESPONSABLE.',2),('2016-A026','FOLLOW ME: APLICACIÓN DE LOCALIZACIÓN Y GUÍA DE SITIOS DE INTERÉS',2),('2016-A027','HERRAMIENTA DE APOYO PARA EL REGISTRO Y EVALUACIÓN DE PROTOCOLOS DE TRABAJO TERMINAL (HA-REPTT)',2),('2016-A028','IMPLEMENTACIÓN DE SISTEMA WEB PARA ANÁLISIS Y DETECCIÓN DE APLICACIONES DE SOFTWARE MALICIOSO PARA DISPOSITIVOS CON SISTEMA OPERATIVO ANDROID',2),('2016-A031','SISTEMA DE INFORMACIÓN PARA EL REGISTRO/VALIDACIÓN DE DOCUMENTOS DE INVESTIGACIÓN PARA LA SOLICITUD DE BECA POR EXCLUSIVIDAD (SIBE)',2),('2016-A033','SISTEMA ASESOR PARA LA PROGRAMACIÓN EN LENGUAJE JAVA.',2),('2016-A034','SISTEMA DE INFORMACIÓN MÓVIL PARA EL APOYO DEL APRENDIZAJE DE TÓPICOS EN CÁLCULO APLICADO',2),('2016-A036','SISTEMA DE APOYO PARA LA DETECCIÓN DE BULLYING Y RECOMENDACIÓN DE ESTRATEGIAS DE INTERVENCIÓN DENTRO DEL AULA EN EDUCACIÓN BÁSICA EMPLEANDO ALGORITMOS DE DECISIÓN',2),('2016-A037','PROTOTIPO DE UN SISTEMA DE MONITOREO PARA PERSONAS DE LA 3RA. EDAD ALGUNA DISCAPACIDAD, MEDIANTE EL USO DE SENSORES UTILIZANDO UNA APLICACIÓN MÓVIL.',2),('2016-A038','TLAHTOA: REALIDAD AUMENTADA PARA EL APRENDIZAJE DE LA LENGUA NÁHUATL',2),('2016-A039','REPOSITORIO DIGITAL PARA EL DESARROLLO COLABORATIVO DE PROYECTOS REALIZADOS POR ALUMNOS DE LA ESCOM. ',2),('2016-A041','APLICACIÓN MÓVIL PARA DENUNCIA CIUDADANA EN LÍNEA',2),('2016-A042','QUÍMICA-AUMENTED REALITY (Q-AR INTERACTIVE)',2),('2016-A043','CONSULTOR VIRTUAL PARA LA ADQUISICIÓN DE UNA VIVIENDA (CONADVI)',2),('2016-A044','PROTOTIPO DE SISTEMA DE RECONSTRUCCIÓN TRIDIMENSIONAL DE UN ESPACIO CERRADO.',2),('2016-A045','PROTOTIPO DE AUTOMATIZACIÓN PARA EL VOTO ELECTRÓNICO DE LA ESCUELA SUPERIOR DE COMPUTO (IVOTO)',2),('2016-A046','SISTEMA DE CONTROL Y MONITOREO PARA ECOSISTEMAS VERTICALES',2),('2016-A047','GENERADOR DE ISOMÉTRICOS A PARTIR DE SUS TRES VISTAS PARA EL ÁREA DE ARQUITECTURA.',2),('2016-A048','SISTEMA HOMEOPÁTICO.',2),('2016-A049','PROTOTIPO PARA EL PRE-DIAGNÓSTICO DE ARTRITIS REUMATOIDE',2),('2016-A050','SISTEMA PARA LA DETECCIÓN DE TRASTORNOS DEL COMPORTAMIENTO ALIMENTARIO ',2),('2016-A051','APLICACIÓN DE ORIENTACIÓN PARA LA DETECCIÓN DE COMERCIOS Y ESPACIOS RELEVANTES MEDIANTE REALIDAD AUMENTADA',2),('2016-A052','PROTOTIPO DE UN SISTEMA DE MEDICIÓN DE MONÓXIDO Y BIÓXIDO DE CARBONO PARA AUTOMÓVILES, A TRAVÉS DE UNA APLICACIÓN MÓVIL Y ADMINISTRACIÓN WEB.',2),('2016-A054','SISTEMA DE INFORMACIÓN GEOGRÁFICO ORIENTADO AL FOMENTO CULTURAL PARA DISPOSITIVOS MÓVILES.',2),('2016-A055','PROTOTIPO DE APLICACIÓN MÓVIL BASADA EN VIDEOJUEGO DE COMBATE CON INTEGRACIÓN DE TECNOLOGÍA VESTIBLE',2),('2016-A056','PROTOTIPO DIGITAL DE MONITOREO DE FAUNA ORNÍTICA (PDMFO) UTILIZANDO TECNOLOGÍA RFID.',2),('2016-A058','COMPORTAMIENTO COLECTIVO NO TRIVIAL IMPLEMENTADO EN ROBOTS DE BAJO COSTO: EL CASO DE “LA HORMIGA DE LANGTON”',2),('2016-A059','ASESOR PARA LA SELECCIÓN DE COMPONENTES PARA EL ARMADO DE UN EQUIPO DE CÓMPUTO.',2),('2016-A060','SOFTWARE SECURITY OPEN INTELLIGENCE GATHERING TOOLKIT (SSOPI-GT) / SISTEMA DE OBTENCIÓN DE INFORMACIÓN DE INTELIGENCIA A TRAVÉS DE FUENTES PÚBLICAS.',2),('2016-A063','HERRAMIENTA DE VISUALIZACIÓN Y APRENDIZAJE DEL ESQUELETO HUMANO',2),('2016-A065','APLICACIÓN WEB-MÓVIL  PARA EL FORTALECIMIENTO DE LA ÉTICA ECOLÓGICA EN LOS HABITANTES DE LA DELEGACIÓN XOCHIMILCO',2),('2016-A066','WEBCEC: PORTAL DE DIFUSIÓN DE SERVICIOS DE LA COORDINACIÓN DE EDUCACIÓN CONTINUA',2),('2016-A067','NODO SENSOR PARA MONITOREO REMOTO',2),('2016-A068','APLICACIÓN MÓVIL PARA LA NAVEGACIÓN AÉREA.',2),('2016-A070','SISTEMA DE ANÁLISIS DE ROBO DE VEHÍCULOS (THEFTMAPS)',2),('2016-A071','HERRAMIENTA PARA LA CREACIÓN DE UN ENTORNO PERSONAL DE APRENDIZAJE',2),('2016-A072','SISTEMA DE CLASIFICACIÓN DE ROSTROS BASADO EN REDES NEURONALES PROFUNDAS',2),('2016-A074','SISTEMA DE APOYO PARA NIÑOS EN TRATAMIENTO DE AUTISMO (SANTA) ',2),('2016-A075','APLICACIÓN MÓVIL ALTERNATIVA Y AUMENTATIVA DE COMUNICACIÓN PARA NIÑOS DE 3 A 4 AÑOS CON DIFICULTADES EN EL HABLA(SMAAC)',2),('2016-A076','SISTEMA DE MONITOREO DE PERSONAL CON GPS',2),('2016-A078','SISTEMA DE EVALUACIÓN DEL NIVEL DE PELIGRO SEGÚN LA ESTRUCTURA URBANA ENFOCADO AL ROBO DE VEHÍCULOS',2),('2016-A079','SISTEMA PARA EL REGISTRO Y EVALUACIÓN DE PROTOCOLOS DE TRABAJO TERMINAL DE LA ESCOM',2),('2016-A080','ENFÓCATE: APLICACIÓN AUXILIAR EN EL TRATAMIENTO DE TDAH',2),('2016-A081','DESARROLLO DE UNA PLATAFORMA PARA LA IMPLEMENTACIÓN DE ROBOTS COLABORATIVOS',2),('2016-A083','HERRAMIENTA DE EYE TRACKING PARA EL ANÁLISIS DE INFORMACIÓN EN INVESTIGACIÓN',2),('2016-A084','HAPPY CAR: APLICACIÓN MÓVIL PARA EL MONITOREO DE SUMINISTRO DE GASOLINA',2),('2016-A086','SISTEMA WEB DE CONTENIDO ADAPTATIVO BASADO EN CÓMPUTO AFECTIVO',2),('2016-A087','DESARROLLO DE UN SISTEMA DE RECOMENDACIÓN DE PRODUCTOS USANDO HERRAMIENTAS DE BIG DATA',2),('2016-A088','SISTEMA DE CALENDARIZACIÓN DE PRESENTACIONES DE TRABAJOS TERMINALES',2),('2016-A090','PROTOTIPO DE UNA TERMINAL PORTATIL LECTORA DE CODIGOS DE BARRAS PARA TRABAJOS COLABORATIVOS \"OBERHAUPT CAESAR\"',2),('2016-B001','PRE-DIAGNÓSTICO MÉDICO DE ENFERMEDADES CEREBROVASCULARES MEDIANTE ANÁLISIS DE IMÁGENES Y RECONOCIMIENTO DE PATRONES.',1),('2016-B002','PROTOTIPO PARA LA SUPERVISIÓN DE NIÑOS UTILIZANDO LA TECNOLOGÍA RFID Y WIFI',1),('2016-B003','SISTEMA DE ENRUTAMIENTO MOLECULAR',1),('2016-B004','SISTEMA DE CLASIFICACIÓN DE CONTENIDOS MULTIMEDIA PARA CONTROL PARENTAL',1),('2016-B005','SISTEMA PARA LA APLICACIÓN DE LA PRUEBA PROYECTIVA HTP EN APOYO A PSICOLÓGOS',1),('2016-B006','SISTEMA DE EVALUACIÓN DE LA TÉCNICA DEL ESTILO CROL EN NATACIÓN UTILIZANDO PATRONES DE DISTANCIA 8SEPACROL)',1),('2016-B007','SIMULACIÓN DEL PROCESO DE METÁSTASIS DEL CÁNCER MEDIANTE AUTÓMATAS CELULARES',1),('2016-B009','SISTEMA DE ALMACENAMIENTO SEGURO DE ARCHIVOS BASADO EN SECRETO COMPARTIDO',1),('2016-B010','SISTEMA REPRODUCTOR DE PARTITURAS UTILIZANDO MIDI',1),('2016-B011','SISTEMA DE ALMACENAMIENTO Y COLABORACIÓN DE NOTAS CON CÓDIGO DE LENGUAJES DE PROGRAMACIÓN, ORIENTADO A ESTUDIANTES Y EGRESADOS DE LA INGENIERÍA EN SISTEMAS COMPUTACIONALES',1),('2016-B013','SISTEMA PROTOTIPO DE MONITOREO REMOTO PARA PACIENTES',1),('2016-B014','SISTEMA DE BÚSQUEDA DE INTERACCIÓN ENTRE PROTEÍNAS DEL VIRUS ZIKA Y PROTEÍNAS HUMANAS',1),('2016-B015','SOFTWARE DE EVALUACIÓN DE DATOS DE ESPECTROMETRÍA INFRARROJA',1),('2016-B016','APLICACIÓN MÓVIL QUE IMPLEMENTA REALIDAD AUMENTADA COMO UNA HERRAMIENTA AUXILIAR EN EL APRENDIZAJE DE LAS MATEMÁTICAS',1),('2016-B017','SISTEMA PROTOTIPO DE ANÁLISIS, CORRECCIÓN Y MONITOREO DE VULNERABILIDADES EN UN SERVIDOR',1),('2016-B018','SOFTWARE DE APOYO AL ANÁLISIS RADIOLÓGICO DE TOMOGRAFÍAS COMPUTARIZADAS',1),('2016-B019','PROTOTIPO DE IMPRESORA 3D PARA LA DECORACIÓN DE PRODUCTOS ALIMENTICIOS_x000D_ DE REPOSTERÍA (Q-SCENE)',1),('2016-B020','PLATAFORMA DE APOYO PARA LA GESTIÓN DE SERVICIOS RESTAURANTEROS ',1),('2016-B021','SISTEMA DISTRIBUIDO PARA EL APOYO EN LA GENERACIÓN DE ANIMACIONES 2D',1),('2016-B022','PROTOTIPO DE SISTEMA EMBEBIDO PARA EL RECONOCIMIENTO DE SÍMBOLOS MATEMÁTICOS.',1),('2016-B023','SISTEMA WEB BASADO EN UN MOTOR DE INFERENCIA PARA LA CLASIFICACIÓN DE SEÑALES ECG’S',1),('2016-B024','SISTEMA EXPERTO PARA LA DETECCIÓN DE PADECIMIENTOS DE LA COLUMNA VERTEBRAL MEDIANTE RECONOCIMIENTO DE IMÁGENES Y PROCESAMIENTO DEL HISTORIAL CLÍNICO.',1),('2016-B025','SISTEMA DE CONTROL PARA IMPRESIONES EN LA ESCUELA SUPERIOR DE CÓMPUTO',1),('2016-B027','DSS PARA LA DETERMINACIÓN DE LOS MEJORES MEDIOS DE PROMOCIÓN Y PUBLICIDAD.',1),('2016-B028','SIMULADOR DE DESASTRES NATURALES CON REALIDAD EXTENDIDA PARA LA CULTURA DE LA PREVENCIÓN ( SIDENARE)',1),('2016-B029','SISTEMA DE CLASIFICACIÓN DE RAZAS CANINAS MEDIANTE REDES NEURONALES CONVOLUCIONALES',1),('2016-B030','SISTEMA MÓVIL DE DETECCIÓN DE ALCOHOL EN CONDUCTORES, CON BLOQUES AUTOMOTRIZ',1),('2016-B031','KEEP ME SAFE - APLICACIÓN MÓVIL/WEB BASADA EN LA ONTOLOGÍA FOAF, WEB SEMÁNTICA Y GEOLOCALIZACIÓN',1),('2016-B032','DISEÑO E IMPLEMENTACIÓN DE LA ETAPA DE CONTROL PARA UN CUADRICÓPTERO DE VUELO AUTÓNOMO.',1),('2016-B033','SISTEMA AUXILIAR PARA LA SUPERACIÓN DE FOBIAS ESPECÍFICAS CON REALIDAD VIRTUAL Y LECTURA DE DATOS SENSORIALES (SASUFO VRS)',1),('2016-B034','IDENTIFICACIÓN, CONTEO Y EVALUACIÓN DE CALIDAD AUTOMÁTICA PARA LA CLASIFICACIÓN DE JITOMATES, APLICANDO REDES NEURONALES PROFUNDAS, SEGÚN LA NORMA NMX-FF-031-1997',1),('2016-B035','PROTOTIPO DE DETECCIÓN EMOCIONAL ',1),('2016-B036','SISTEMA DE APOYO PARA ACTIVIDADES DEPORTIVAS Y CULTURALES (SAADYC)_x000D_',1),('2016-B037','PROTOTIPO DE UN SISTEMA DE ADQUISICIÓN DE ONDAS CEREBRALES PARA MEJORAR EL GRADO DE CONCENTRACIÓN A PARTIR DE SONIDOS.',1),('2016-B038','OPTIMIZACIÓN MONO OBJETIVO DE LA GEOMETRÍA DE UN ROBOT MÓVIL USANDO TÉCNICAS DE CÓMPUTO EVOLUTIVO',1),('2016-B039','SISTEMA PARA LA IDENTIFICACIÓN Y LOCALIZACIÓN DE PERSONAS DESAPARECIDAS',1),('2016-B040','PROTOTIPO PARA LA DETECCIÓN Y CONSULTA DE PATRONES DELICTIVOS EN LA ZONA METROPOLITANA DEL VALLE DE MÉXICO',1),('2016-B042','SISTEMA PREDICTIVO DEL COMPORTAMIENTO DE DESERCIÓN ESCOLAR EN NIVEL EDUCATIVO MEDIO SUPERIOR_x000D_',1),('2016-B043','\"SCCOM\" SISTEMA DE CONTROL PARA CAMAS ORTOPÉDICAS, ENFOCADO EN PERSONAS CON CUADRIPLEJIA',1),('2016-B044','MÁQUINAS DE TURING Y EL PROBLEMA DE LA UNIVERSALIDAD COMO SISTEMAS DINÁMICOS DISCRETOS.',1),('2016-B045','PROTOCOLO CRIPTOGRÁFICO PARA EL ALMACENAMIENTO SIN DUPLICADOS EN LA NUBE, RESISTENTE A ATAQUES POR FUERZA BRUTA.',1),('2016-B046','SIMULACIÓN DE RUTAS DE EVACUACIÓN PARA ESPACIOS CERRADOS.',1),('2016-B047','SISTEMA DE ALERTA POR FATIGA AL CONDUCIR',1),('2016-B048','SISTEMA DE REALIDAD AUMENTADA PARA EL APOYO EN EL APRENDIZAJE DE REGLAS GRÁMATICALES EMPLEANDO UNA APLICACIÓN MÓVIL (ARGO)',1),('2016-B050','PROTOTIPO DE SISTEMA ELECTRÓNICO PARA ADMINISTRACIÓN DE MEDICAMENTOS CON APLICACIÓN ANDROID PARA DISPOSITIVOS MÓVILES. ',1),('2016-B051','APLICACIÓN DE APOYO AL CONDUCTOR PARA VISUALIZACIÓN DE LUGARES HABILITADOS PARA APARCAMIENTO EN LA VÍA PUBLICA, EN LA COLONIA LINDAVISTA DELEGACIÓN GUSTAVO A. MADERO DE LA CDMX (WHERE2PARK)',1),('2016-B052','SISTEMA DE APOYO PARA EL APRENDIZAJE DE ALGORITMOS CRIPTOGRÁFICOS.',1),('2016-B055','PSPIA: PROTOTIPO DE UN SISTEMA DE PROYECCIÓN DE IMÁGENES POR AGUA',1),('2016-B056','SISTEMA DE  LOCALIZACIÓN Y MONITOREO PARA AUTOMÓVIL',1),('2016-B057','IDENTIFICACIÓN DE DISPOSITIVOS POR RADIO FRECUENCIA DENTRO DE LA ESCOM (PC-SEC)',1),('2016-B059','SISTEMA PROTOTIPO DE DETECCIÓN DE VENAS PARA LA VENOPUNCIÓN EN PRUEBAS DE LABORATORIO',1),('2016-B060','TRADUCTOR ELECTROMIOGRÁFICO DE LENGUAJE DE SEÑAS AMERICANO (TESLA)',1),('2016-B061','PROPUESTA DE MODELO COMPUTACIONAL PARA LA DESCRIPCIÓN DEL COMPORTAMIENTO DE LA ABEJA APIS MELLIFERA L. EN APIARIOS ARTIFICIALES',1),('2016-B062','SISTEMA DE INFORMACIÓN PARA LA PREDICCIÓN DE LA INFLACIÓN EN MÉXICO ',1),('2016-B064','SERVICIO PARA DETECCIÓN DE CONSUMO DE ALCOHOL EN ESTUDIANTES DE SECUNDARIA',1),('2016-B065','SISTEMA CON REALIDAD AUMENTADA PARA EL APRENDIZAJE DE REGLAS ORTOGRÁFICAS',1),('2016-B066','MODELO DE SEGURIDAD PARA IDENTIFICACIÓN Y AUTENTICACIÓN POR MEDIO MÓVILES.',1),('2016-B067','PROTOTIPO PARA EL ALERTAMIENTO Y LA GENERACIÓN DE RUTAS SEGURAS EMPLEANDO CONOCIMIENTO DELICTIVO',1),('2016-B068','PROTOTIPO DE SISTEMA ANALIZADOR DE IMÁGENES DE CORTES CEREBRALES DE CONEJOS CON HIBRIDACIÓN IN SITU',1),('2016-B071','SISTEMA DE ADMINISTRACIÓN ESTRATÉGICA PARA EL APOYO DE TOMA DE DECISIONES (SAEATD)',1),('2016-B072','SISTEMA GENERADOR DE PARTITURAS DE PIANO.',1),('2016-B074','SISTEMA DE APOYO PARA LA PREVENCIÓN DEL INFARTO AGUDO DE MIOCARDIO_x000D_APOYADO POR UNA PULSERA CUANTIFICADORA_x000D_“HEALTHY HEART”',1),('2016-B075','SISTEMA DE CONTROL DE ACCESO BASADO EN EL PATRÓN BIOMÉTRICO DEL IRIS: IR-SECURITY',1),('2016-B076','PLATAFORMA DE APRENDIZAJE DE ALGORITMOS COMPUTACIONALES PARA LA PROGRAMACIÓN COMPETITIVA.',1),('2016-B077','PLATAFORMA DE APRENDIZAJE Y DESARROLLO DE HABILIDADES EN TEORÍA DE GRAFOS (DIALGORITHM)',1),('2016-B078','SISTEMA PARA LA ELIMINACIÓN DEL PAPEL EN PROCESOS DE AUSCULTACIÓN',1),('2016-B079','SISTEMA DE APOYO VIAL PARA CICLISTAS',1),('2016-B081','SISTEMA EMBEBIDO DE MONITOREO REMOTO DE SIGNOS VITALES',1),('2016-B082','SISTEMA DE APRENDIZAJE ADAPTIVO PARA LAS MATEMÁTICAS DEL EXAMEN DE INGRESO AL IPN',1),('2016-B083','LECTOR PARA INVIDENTES',1),('2016-B086','SISTEMA PARA LA CONFIGURACIÓN Y MONITOREO DE SENSORES EN NODO BASE',1),('2016-B088','VISUALIZACIÓN DE DELITOS EN LA CDMX',1),('2016-B089','SISTEMA DE DETECCIÓN DE INTRUSOS PARA ATAQUES CROSS SITE SCRIPTING',1),('2016-B091','SIMULADOR DEL COMPORTAMIENTO DE UN TUMOR CANCERÍGENO CON AUTÓMATAS CELULARES',1),('2016-B092','SISTEMA DE VIGILANCIA ASISTIDO POR DRON APLICADO A EL ESTACIONAMIENTO DE LA ESCUELA SUPERIOR DE CÓMPUTO (SVD)',1),('2016-B093','SISTEMA PORTÁTIL PREVENTIVO APLICADO AL MONITOREO DE CRISIS EPILÉPTICAS CON APLICACIONES EN TELEMEDICINA',1),('2016-B095','FIT A THING, APLICACIÓN MÓVIL PARA OBTENER DIMENSIONES DE OBJETOS.',1),('2016-B096','SISTEMA DE APOYO A LA DE EDUCACIÓN BÁSICA PARA EL APRENDIZAJE MEDIANTE MATERIAL DIDÁCTICO CON REALIDAD AUMENTADA CON PATRONES DE DISEÑO DE SOFTWARE.',1),('2016-B099','HELP OU ;) ',1),('2016-B101','PROTOTIPO DE SISTEMA WEB PARA LA GESTIÓN DEL DEPARTAMENTO DE EXTENSIÓN Y APOYO EDUCATIVOS ESIA(ZACATENCO)',1),('2016-B102','SISTEMA DE MONITOREO PARA LA RECUPERACIÓN DE AUTOMÓVILES ROBADOS',1),('2016-B103','SEGUIMIENTO DE SOLICITUDES DE CONSTANCIAS PARA GESTIÓN ESCOLAR',1),('2016-B104','EXPEDICIÓN DE CONSTANCIAS PARA GESTIÓN ESCOLAR',1),('2016-B105','PROTOTIPO PARA LA SOLUCIÓN DE LA ECUACIÓN DIFERENCIAL NO LINEAL ORDINARIA DE PRIMER ORDEN (ECUACIÓN DE RICCATI)',1),('2016-B106','HERRAMIENTA WEB PARA LA AUSCULTACIÓN EN EL MEDIO POLÍTICO EN LA CIUDAD DE MÉXICO',1),('2016-B107','SISTEMA DE ADMINISTRACIÓN DE EXPEDIENTES CLÍNICOS DE PACIENTES. CASO CICS-UST',1),('2016-B111','HERRAMIENTA PARA LA VISUALIZACIÓN Y ANÁLISIS DE LAS NORMAS DE ASOCIACIÓN LIBRE',1),('2016-B112','SISTEMA MÓVIL DE MONITOREO PARA PERSONAS PROPENSAS A SUFRIR ACCIDENTES CEREBROVASCULARES.',1),('2016-B113','MUSICED: HERRAMIENTA PARA LA AUTO ENSEÑANZA MUSICAL',1),('2016-B114','HERRAMIENTA DE APOYO PARA EL ANÁLISIS FONOLÓGICO REALIZADO SOBRE NIÑOS CON SÍNDROME DE DOWN',1),('2016-B115','APLICACIÓN DE MONITOREO DE ACCESO Y SISTEMA DE IDENTIFICACION MEDIANTE NFC',1),('2016-B119','REPOSITORIO SEMÁNTICO PARA MODELOS DE DATOS HETEROGÉNEOS',1),('2016-B120','MODELOS DE MICROMUNDO, CONTROLADOS POR CONJUNTOS DE REGLAS DE PRODUCCIÓN PARA LA ENSEÑANZA DE INTELIGENCIA ARTIFICIAL',1),('2016-B121','SOFTWARE PARA EL RECONOCIMIENTO DE PATRONES FACIALES Y DEL IRIS PARA AYUDAR A LOS ESPECIALISTAS A DIAGNOSTICAR VIOLENCIA (SOREPAFI)',1),('2016-B122','APLICACIÓN WEB PARA LA GESTIÓN DE GUARDERIA',1),('2016-B123','DESARROLLO DE MÓDULOS PARA SISTEMA DE MEDICIÓN BASADO EN UN AMPLIFICADOR SINCRÓNICO DIGITAL SENSIBLE A FASE (LIA) IMPLEMENTADO EN UN FPGA (ARREGLO DE COMPUERTAS PROGRAMABLE EN CAMPO)',1),('2016-B124','APLICACIÓN MÓVIL PARA GENERAR UN PLAN DE NUTRICIÓN EN BASE A LA DIETA FLEXIBLE',1),('2016-B126','CARTILLA DE VACUNACIÓN DIGITAL',1),('2016-B127','PROTOTIPO DE ALMACENAMIENTO EN LA NUBE ORIENTADO A SERVICIOS ACADÉMICOS',1),('2016-B128','SISTEMA DE APOYO PARA LA COMUNICACIÓN ENTRE PADRES Y DOCENTES DE UNA ESCUELA PRIMARIA',1);
/*!40000 ALTER TABLE `tt` ENABLE KEYS */;
UNLOCK TABLES;

--
-- Table structure for table `usuario`
--

DROP TABLE IF EXISTS `usuario`;
/*!40101 SET @saved_cs_client     = @@character_set_client */;
/*!40101 SET character_set_client = utf8 */;
CREATE TABLE `usuario` (
  `IdUser` int(11) NOT NULL AUTO_INCREMENT,
  `Username` varchar(88) NOT NULL,
  `password` varchar(20) NOT NULL,
  PRIMARY KEY (`IdUser`)
) ENGINE=InnoDB DEFAULT CHARSET=utf8;
/*!40101 SET character_set_client = @saved_cs_client */;

--
-- Dumping data for table `usuario`
--

LOCK TABLES `usuario` WRITE;
/*!40000 ALTER TABLE `usuario` DISABLE KEYS */;
/*!40000 ALTER TABLE `usuario` ENABLE KEYS */;
UNLOCK TABLES;
/*!40103 SET TIME_ZONE=@OLD_TIME_ZONE */;

/*!40101 SET SQL_MODE=@OLD_SQL_MODE */;
/*!40014 SET FOREIGN_KEY_CHECKS=@OLD_FOREIGN_KEY_CHECKS */;
/*!40014 SET UNIQUE_CHECKS=@OLD_UNIQUE_CHECKS */;
/*!40101 SET CHARACTER_SET_CLIENT=@OLD_CHARACTER_SET_CLIENT */;
/*!40101 SET CHARACTER_SET_RESULTS=@OLD_CHARACTER_SET_RESULTS */;
/*!40101 SET COLLATION_CONNECTION=@OLD_COLLATION_CONNECTION */;
/*!40111 SET SQL_NOTES=@OLD_SQL_NOTES */;

-- Dump completed on 2017-04-24 13:24:13
