-- MySQL dump 10.13  Distrib 5.7.17, for Win64 (x86_64)
--
-- Host: localhost    Database: db_catt1
-- ------------------------------------------------------
-- Server version	5.7.17-log

/*!40101 SET @OLD_CHARACTER_SET_CLIENT=@@CHARACTER_SET_CLIENT */;
/*!40101 SET @OLD_CHARACTER_SET_RESULTS=@@CHARACTER_SET_RESULTS */;
/*!40101 SET @OLD_COLLATION_CONNECTION=@@COLLATION_CONNECTION */;
/*!40101 SET NAMES utf8 */;
/*!40103 SET @OLD_TIME_ZONE=@@TIME_ZONE */;
/*!40103 SET TIME_ZONE='+00:00' */;
/*!40014 SET @OLD_UNIQUE_CHECKS=@@UNIQUE_CHECKS, UNIQUE_CHECKS=0 */;
/*!40014 SET @OLD_FOREIGN_KEY_CHECKS=@@FOREIGN_KEY_CHECKS, FOREIGN_KEY_CHECKS=0 */;
/*!40101 SET @OLD_SQL_MODE=@@SQL_MODE, SQL_MODE='NO_AUTO_VALUE_ON_ZERO' */;
/*!40111 SET @OLD_SQL_NOTES=@@SQL_NOTES, SQL_NOTES=0 */;

--
-- Table structure for table `alumno`
--

DROP TABLE IF EXISTS `alumno`;
/*!40101 SET @saved_cs_client     = @@character_set_client */;
/*!40101 SET character_set_client = utf8 */;
CREATE TABLE `alumno` (
  `IdAlumno` int(11) NOT NULL,
  `Nombre` varchar(50) NOT NULL,
  `APaterno` varchar(50) NOT NULL,
  `AMaterno` varchar(50) NOT NULL,
  `Email` varchar(75) NOT NULL,
  `Telefono` varchar(15) DEFAULT NULL,
  `IdTT` varchar(9) NOT NULL,
  PRIMARY KEY (`IdAlumno`),
  KEY `IdTT` (`IdTT`),
  CONSTRAINT `ALUMNO_ibfk_1` FOREIGN KEY (`IdTT`) REFERENCES `tt` (`IdTT`) ON DELETE CASCADE ON UPDATE CASCADE
) ENGINE=InnoDB DEFAULT CHARSET=latin1;
/*!40101 SET character_set_client = @saved_cs_client */;

--
-- Dumping data for table `alumno`
--

LOCK TABLES `alumno` WRITE;
/*!40000 ALTER TABLE `alumno` DISABLE KEYS */;
/*!40000 ALTER TABLE `alumno` ENABLE KEYS */;
UNLOCK TABLES;

--
-- Table structure for table `calendario`
--

DROP TABLE IF EXISTS `calendario`;
/*!40101 SET @saved_cs_client     = @@character_set_client */;
/*!40101 SET character_set_client = utf8 */;
CREATE TABLE `calendario` (
  `IdTT` varchar(9) NOT NULL,
  `Fecha` datetime NOT NULL,
  `IdSala` int(11) NOT NULL,
  `Opncion` int(11) NOT NULL,
  PRIMARY KEY (`IdTT`),
  KEY `IdSala` (`IdSala`),
  CONSTRAINT `CALENDARIO_ibfk_1` FOREIGN KEY (`IdTT`) REFERENCES `tt` (`IdTT`) ON DELETE CASCADE ON UPDATE CASCADE,
  CONSTRAINT `CALENDARIO_ibfk_2` FOREIGN KEY (`IdSala`) REFERENCES `sala` (`IdSala`) ON DELETE CASCADE ON UPDATE CASCADE
) ENGINE=InnoDB DEFAULT CHARSET=latin1;
/*!40101 SET character_set_client = @saved_cs_client */;

--
-- Dumping data for table `calendario`
--

LOCK TABLES `calendario` WRITE;
/*!40000 ALTER TABLE `calendario` DISABLE KEYS */;
/*!40000 ALTER TABLE `calendario` ENABLE KEYS */;
UNLOCK TABLES;

--
-- Table structure for table `dirige`
--

DROP TABLE IF EXISTS `dirige`;
/*!40101 SET @saved_cs_client     = @@character_set_client */;
/*!40101 SET character_set_client = utf8 */;
CREATE TABLE `dirige` (
  `IdTT` varchar(9) NOT NULL,
  `D1` int(11) NOT NULL,
  `D2` int(11) DEFAULT NULL,
  PRIMARY KEY (`IdTT`),
  KEY `D1` (`D1`),
  KEY `D2` (`D2`),
  CONSTRAINT `DIRIGE_ibfk_1` FOREIGN KEY (`D1`) REFERENCES `profesor` (`IdProfesor`) ON DELETE CASCADE ON UPDATE CASCADE,
  CONSTRAINT `DIRIGE_ibfk_2` FOREIGN KEY (`D2`) REFERENCES `profesor` (`IdProfesor`) ON DELETE CASCADE ON UPDATE CASCADE
) ENGINE=InnoDB DEFAULT CHARSET=latin1;
/*!40101 SET character_set_client = @saved_cs_client */;

--
-- Dumping data for table `dirige`
--

LOCK TABLES `dirige` WRITE;
/*!40000 ALTER TABLE `dirige` DISABLE KEYS */;
/*!40000 ALTER TABLE `dirige` ENABLE KEYS */;
UNLOCK TABLES;

--
-- Table structure for table `horario`
--

DROP TABLE IF EXISTS `horario`;
/*!40101 SET @saved_cs_client     = @@character_set_client */;
/*!40101 SET character_set_client = utf8 */;
CREATE TABLE `horario` (
  `IdHorario` int(11) NOT NULL AUTO_INCREMENT,
  `Lun` varchar(15) DEFAULT NULL,
  `Mar` varchar(15) DEFAULT NULL,
  `Mie` varchar(15) DEFAULT NULL,
  `jue` varchar(15) DEFAULT NULL,
  `Vie` varchar(15) DEFAULT NULL,
  `IdProfesor` int(11) NOT NULL,
  PRIMARY KEY (`IdHorario`),
  KEY `IdProfesor` (`IdProfesor`),
  CONSTRAINT `HORARIO_ibfk_1` FOREIGN KEY (`IdProfesor`) REFERENCES `profesor` (`IdProfesor`) ON DELETE CASCADE ON UPDATE CASCADE
) ENGINE=InnoDB AUTO_INCREMENT=762 DEFAULT CHARSET=latin1;
/*!40101 SET character_set_client = @saved_cs_client */;

--
-- Dumping data for table `horario`
--

LOCK TABLES `horario` WRITE;
/*!40000 ALTER TABLE `horario` DISABLE KEYS */;
INSERT INTO `horario` VALUES (1,'12:00-13:30 L','','12:00-13:30','12:00-13:30','',3),(2,'','7:00-8:30','7:00-8:30','','7:00-8:30 L',3),(3,'10:30-12:00 L','8:30-10:00','','10:30-12:00','',3),(4,'8:30-10:00 L','','8:30-10:00','8:30-10:00','',4),(5,'10:30-12:00 L','8:30-10:00','','10:30-12:00','',4),(6,'','10:30-12:00','10:30-12:00 L','','10:30-12:00',4),(7,'13:30-15:00','13:30-15:00','','13:30-15:00 L','',5),(8,'8:30-10:00','','8:30-10:00','8:30-10:00 L','',5),(9,'','12:00-13:30 L','13:30-15:00','','12:00-13:30',5),(10,'','10:30-12:00 L','10:30-12:00 L','','10:30-12:00',5),(11,'12:00-13:30 L','','12:00-13:30','12:00-13:30','',6),(12,'13:30-15:00','','','','',6),(13,'7:00-8:30','','','7:00-8:30','8:30-10:00 L',6),(14,'','8:30-10:00','','','',6),(15,'','7:00-8:30 L','7:00-8:30','','7:00-8:30',6),(16,'20:00-21:30 L','','20:00-21:30','20:00-21:30','',7),(17,'8:30-10:00 L','','8:30-10:00','8:30-10:00','',8),(18,'','10:30-12:00 L','10:30-12:00','','10:30-12:00',8),(19,'10:30-12:00 L','8:30-10:00','','10:30-12:00','',8),(20,'','10:30-12:00 L','10:30-12:00','','10:30-12:00',9),(21,'10:30-12:00','8:30-10:00','','10:30-12:00 L','',9),(22,'12:00-13:30','','12:00-13:30','','',9),(23,'8:30-10:00 L','','8:30-10:00','8:30-10:00','',9),(24,'','','16:30-18:30','','14:00-16:00',10),(25,'13:30-15:00','13:30-15:00','','13:30-15:00','',10),(26,'','18:30-20:00 L','18:30-20:00','','18:30-20:00',10),(27,'15:00-16:30 L','','15:00-16:30','15:00-16:30','',10),(28,'20:00-21:30','','20:00-21:30 L','20:00-21:30','',11),(29,'','15:00-16:30','15:00-16:30','','15:00-16:30 L',12),(30,'16:30-18:00 L','','16:30-18:00','16:30-18:00','',12),(31,'','18:30-20:00 L','18:30-20:00','','18:30-20:00',13),(32,'16:30-18:00 L','','16:30-18:00','16:30-18:00','',13),(33,'','','20:00-21:30','','',14),(34,'20:00-21:30','','','','',14),(35,'','','18:30-20:00','','',14),(36,'18:30-20:00','','','','',14),(37,'','','','20:00-21:30','',14),(38,'','','','','18:30-20:00',14),(39,'','18:30-20:00','','','',14),(40,'16:30-18:00','','','','',14),(41,'','15:00-16:30 L','15:00-16:30','','15:00-16:30',15),(42,'15:00-16:30 L','','','15:00-16:30','16:30-18:00',15),(43,'18:30-20:00 L','16:30-18:00','','18:30-20:00','',15),(44,'20:00-21:30','','20:00-21:30','20:00-21:30 L','',15),(45,'','15:00-16:30','15:00-16:30','','15:00-16:30 L',16),(46,'15:00-16:30 L','','','15:00-16:30','16:30-18:00',16),(47,'12:00-13:30 L','','12:00-13:30','12:00-13:30','',16),(48,'16:30-18:00','','16:30-18:00','16:30-18:00 L','',16),(49,'20:00-21:30 L','','20:00-21:30','20:00-21:30','20:00-21:30',17),(50,'','20:00-20:00 L','18:30-20:00','','18:30-20:00',17),(51,'13:30-15:00 L','13:30-15:00','','13:30-15:00','',18),(52,'','','','','8:00-10:00',18),(53,'','15:00-16:30','','','',19),(54,'18:30-20:00','','','','',19),(55,'','','13:30-15:00','','',19),(56,'','18:30-20:00 L','18:30-20:00','','18:30-20:00',19),(57,'15:00-16:30','','','','',19),(58,'13:30-15:00','','','','',19),(59,'','','15:00-16:30','','',19),(60,'','','','16:30-18:00','',19),(61,'20:00-21:30 L','','20:00-21:30','20:00-21:30','',19),(62,'','','','13:30-15:00','',19),(63,'','','','15:00-16:30','',19),(64,'','','','','15:00-16:30',19),(65,'','12:00-13:30','','','12:00-13:30',20),(66,'8:30-10:00','','8:30-10:00','8:30-10:00 L','',20),(67,'','7:00-8:30','7:00-8:30 L','','7:00-8:30',20),(68,'7:00-8:30','','','','',20),(69,'','','7:00-8:30','','',21),(70,'','10:30-12:00','','','',21),(71,'','12:00-13:30','','','',21),(72,'','','','7:00-8:30','',21),(73,'07:00-08:30','','','','',21),(74,'12:00-13:30 L','','12:00-13:30','12:00-13:30','',21),(75,'','','','10:30-12:00','',21),(76,'','','8:30-10:00','','',21),(77,'','','10:30-12:00','','',21),(78,'','','','8:30-10:00','',21),(79,'','7:00-8:30','','','',22),(80,'','10:30-12:00','10:30-12:00','','10:30-12:00',22),(81,'12:00-13:30','','12:00-13:30','12:00-13:30','',22),(82,'','','','7:00-8:30','',22),(83,'12:00-13:30','','12:00-13:30','12:00-13:30','',23),(84,'','15:00-16:30','','','',23),(85,'','10:30-12:00 L','10:30-12:00','','10:30-12:00',23),(86,'','','','15:00-16:30','',23),(87,'10:30-12:00','8:30-10:00 L','','10:30-12:00','',24),(88,'','','','12:00-13:30','',24),(89,'13:30-15:00','13:30-15:00 L','','13:30-15:00','',24),(90,'','','8:00-10:00','','10:00-12:00',25),(91,'07:00-08:30 L','','','07:00-08:30','08:30-10:00',25),(92,'13:30-15:00','13:30-15:00 L','','13:30-15:00','',25),(93,'','10:30-12:00','10:30-12:00','','',26),(94,'','8:00-10:00','','8:00-10:00','',26),(95,'8:00-10:00','','8:00-10:00','','',26),(96,'12:00-13:30 L','','12:00-13:30','12:00-13:30','',27),(97,'10:30-12:00 L','8:30-10:00','','10:30-12:00','',27),(98,'8:30-10:00 L','','8:30-10:00','8:30-10:00','',27),(99,'','10:30-12:00 L','10:30-12:00','','10:30-12:00',27),(100,'16:30-18:00 L','','16:30-18:00','16:30-18:00','',28),(101,'20:00-21:30 L','','20:00-21:30','20:00-21:30','',28),(102,'','18:30-20:00 L','18:30-20:00','','18:30-20:00',28),(103,'10:30-12:00','','','','',29),(104,'8:30-10:00','','8:30-10:00 L','8:30-10:00','',29),(105,'13:30-15:00','','','','',29),(106,'','10:30-12:00','10:30-12:00','','10:30-12:00',29),(107,'','13:30-15:00','','13:30-15:00','',30),(108,'','12:00-13:30','13:30-15:00 L','','12:00-13:30',30),(109,'','10:30-12:00 L','10:30-12:00','','10:30-12:00',30),(110,'10:30-12:00','8:30-10:00','','10:30-12:00 L','',30),(111,'18:30-20:00','','','18:30-20:00','',31),(112,'20:00-21:30','','20:00-21:30','20:00-21:30 L','',31),(113,'','18:30-20:00','18:30-20:00','','18:30-20:00 L',31),(114,'12:00-13:30','','12:00-13:30','12:00-13:30','',32),(115,'8:30-10:00','','8:30-10:00 L','8:30-10:00','',32),(116,'10:00-12:00','','10:00-12:00','','',33),(117,'7:00-8:30','','','7:00-8:30','',33),(118,'13:30-15:00 L','13:30-15:00','','13:30-15:00','',33),(119,'12:00-13:30 L','','12:00-13:30','12:00-13:30','',34),(120,'','','','','15:00-16:30',34),(121,'','','','15:00-16:30','',34),(122,'','10:30-12:00','10:30-12:00 L','','10:30-12:00',34),(123,'8:30-10:00','','','','',35),(124,'','7:00-8:30','7:00-8:30','','7:00-8:30 L',35),(125,'','8:30-10:00','','','',35),(126,'7:00-8:30','','','7:00-8:30','8:30-10:00 L',35),(127,'10:30-12:00 L','8:30-10:00','','10:30-12:00','',36),(128,'12:00-13:30','','12:00-13:30','','',36),(129,'','12:00-13:30','13:30-15:00','','12:00-13:30 L',36),(130,'10:30-12:00','8:30-10:00','','10:30-12:00 L','',37),(131,'','10:30-12:00','10:30-12:00','','10:30-12:00 L',37),(132,'','7:00-8:30','7:00-8:30','','7:00-8:30 L',37),(133,'8:30-10:00','','8:30-10:00','8:30-10:00 L','',37),(134,'12:00-13:30 L','','12:00-13:30','12:00-13:30','',38),(135,'','7:00-8:30','7:00-8:30 L','','7:00-8:30',38),(136,'7:00-8:30 L','','','7:00-8:30','8:30-10:00',38),(137,'12:00-13:30','','12:00-13:30','','',39),(138,'7:00-8:30','','','7:00-8:30','8:30-10:00 L',39),(139,'8:30-10:00','','8:30-10:00','8:30-10:00 L','',39),(140,'','10:30-12:00 L','10:30-12:00','','10:30-12:00',39),(141,'10:30-12:00','','','10:30-12:00','',40),(142,'15:00-16:30 L','','','15:00-16:30','16:30-18:00',40),(143,'','15:00-16:30','15:00-16:30 L','','15:00-16:30',40),(144,'20:00-21:30','','20:00-21:30 L','20:00-21:30','',41),(145,'18:30-20:00','','','18:30-20:00','20:00-21:30',41),(146,'7:00-8:30','','','7:00-8:30','',42),(147,'','10:30-12:00','10:30-12:00 L','','10:30-12:00',42),(148,'10:30-12:00','8:30-10:00','','10:30-12:00 L','',42),(149,'','15:00-16:30 L','15:00-16:30','','15:00-16:30',43),(150,'','','','18:30-20:00','',43),(151,'','18:30-20:00','18:30-20:00','','18:30-20:00 L',43),(152,'20:00-21:30','','20:00-21:30 L','20:00-21:30','',43),(153,'16:30-18:00 L','','16:30-18:00','16:30-18:00','',43),(154,'','13:30-15:00','','','',43),(155,'18:30-20:00','','','','',43),(156,'','','','15:00-16:30','',43),(157,'','10:30-12:00','10:30-12:00 L','','10:30-12:00',44),(158,'12:00-13:30','','12:00-13:30 L','12:00-13:30','',44),(159,'8:30-10:00','','8:30-10:00 L','8:30-10:00','',44),(160,'13:30-15:00','','','','',45),(161,'20:00-21:30 L','','20:00-21:30','20:00-21:30','',45),(162,'','','13:30-15:00','','',45),(163,'18:30-20:00 L','16:30-18:00','','18:30-20:00','',45),(164,'','10:30-12:00','10:30-12:00','','10:30-12:00 L',46),(165,'10:30-12:00 L','8:30-10:00','','10:30-12:00','',46),(166,'12:00-13:30','','12:00-13:30','','',46),(167,'','15:00-16:30','','','',47),(168,'','','16:30-18:00','','',47),(169,'','','','','18:30-20:00',47),(170,'','','20:00-21:30','','',47),(171,'','','','','16:30-18:00',47),(172,'','','','20:00-21:30','',47),(173,'','18:30-20:00','','','',47),(174,'','','18:30-20:00','','',47),(175,'','','','16:30-18:00','',47),(176,'20:00-21:30 L','','20:00-21:30','20:00-21:30','',48),(177,'','','','','18:30-20:00',48),(178,'','16:30-18:00','','','',48),(179,'','','18:30-20:00','','',48),(180,'','','','13:30-15:00','',48),(181,'','18:30-20:00','','','',48),(182,'15:00-16:30','','','15:00-16:30','16:30-18:00',48),(183,'','','','18:30-20:00','',48),(184,'13:30-15:00','13:30-15:00 L','','13:30-15:00','',49),(185,'','','','12:00-13:30','',50),(186,'','','','8:30-10:00','',50),(187,'','12:00-13:30 L','13:30-15:00','','12:00-13:30',50),(188,'13:30-15:00','13:30-15:00','','13:30-15:00 L','',50),(189,'','12:00-13:30 L','13:30-15:00','','12:00-13:30',51),(190,'','15:00-16:30 L','15:00-16:30','','15:00-16:30',51),(191,'12:00-13:30 L','','12:00-13:30','12:00-13:30','',51),(192,'','10:30-12:00 L','10:30-12:00','','10:30-12:00',52),(193,'10:30-12:00','8:30-10:00','','10:30-12:00 L','',52),(194,'','12:00-13:30','13:30-15:00','','',52),(195,'','7:00-8:30 L','7:00-8:30','','7:00-8:30',53),(196,'7:00-8:30','','','7:00-8:30 L','8:30-10:00',53),(197,'','10:30-12:00','10:30-12:00','','10:30-12:00',53),(198,'','7:00-8:30','7:00-8:30','','7:00-8:30 L',54),(199,'7:00-8:30 L','','','7:00-8:30','8:30-10:00',54),(200,'13:30-15:00','13:30-15:00','','','',54),(201,'','18:30-20:00','18:30-20:00','','18:30-20:00 L',55),(202,'18:30-20:00','16:30-18:00','','18:30-20:00 L','',55),(203,'8:30-10:00','','8:30-10:00','','',56),(204,'10:30-12:00','','','','',56),(205,'','','','8:30-10:00','',56),(206,'','8:30-10:00','','10:30-12:00','',56),(207,'20:00-21:30','','20:00-21:30','20:00-21:30 L','',57),(208,'','18:30-20:00','18:30-20:00','','18:30-20:00',57),(209,'18:30-20:00','16:30-18:00','','18:30-20:00 L','',57),(210,'','18:30-20:00 L','18:30-20:00','','18:30-20:00',58),(211,'18:30-20:00 L','16:30-18:00','','18:30-20:00','',58),(212,'16:00-18:00','','','16:00-18:00','',59),(213,'','16:00-18:00','','','16:00-18:00',59),(214,'13:30-15:00','','13:30-15:00','','',59),(215,'8:30-10:00','','8:30-10:00 L','8:30-10:00','',60),(216,'18:30-20:00','16:30-18:00 L','','18:30-20:00','',61),(217,'12:00-13:30 L','','12:00-13:30','12:00-13:30','',62),(218,'','15:00-16:30 L','15:00-16:30','','15:00-16:30',63),(219,'8:30-10:00','','8:30-10:00 L','8:30-10:00','',63),(220,'','12:00-13:30','13:30-15:00 L','','12:00-13:30',63),(221,'10:30-12:00','','','','',63),(222,'','12:00-13:30','13:30-15:00 L','','12:00-13:30',64),(223,'8:30-10:00','','8:30-10:00','8:30-10:00 L','',64),(224,'12:00-13:30','','12:00-13:30','12:00-13:30 L','',64),(225,'10:30-12:00','8:30-10:00 L','','10:30-12:00','',64),(226,'13:30-15:00','','','13:30-15:00','',64),(227,'12:00-13:30','','12:00-13:30','12:00-13:30 L','',65),(228,'','10:30-12:00 L','10:30-12:00','','10:30-12:00',65),(229,'18:30-20:00 L','16:30-18:00 L','','18:30-20:00','',66),(230,'16:30-18:00','','16:30-18:00 L','16:30-18:00 L','',66),(231,'15:00-16:30','','','15:00-16:30','16:30-18:00 L',66),(232,'','10:30-12:00 L','10:30-12:00','','10:30-12:00',67),(233,'13:30-15:00','','13:30-15:00','','',67),(234,'','7:00-8:30','7:00-8:30','','7:00-8:30 L',67),(235,'18:30-20:00','16:30-18:00 L','','18:30-20:00','',68),(236,'','15:00-16:30 L','15:00-16:30','','15:00-16:30',69),(237,'13:30-15:00 L','13:30-15:00','','13:30-15:00','',69),(238,'10:30-12:00','','','10:30-12:00','',69),(239,'7:00-8:30','','','','',70),(240,'','','','','7:00-8:30',70),(241,'','','','7:00-8:30','',70),(242,'','','','8:30-10:00','',70),(243,'','','7:00-8:30','','',70),(244,'','','10:30-12:00','','',70),(245,'','','','','8:30-10:00',70),(246,'','7:00-8:30','','','',70),(247,'','','8:30-10:00','','',70),(248,'','','','','10:30-12:00',70),(249,'10:30-12:00','','','','',70),(250,'','','','10:30-12:00','',70),(251,'16:30-18:00 L','','16:30-18:00','16:30-18:00','',71),(252,'','15:00-16:30','15:00-16:30','','15:00-16:30 L',71),(253,'','18:30-20:00','18:30-20:00','','18:30-20:00 L',72),(254,'16:30-18:00','','16:30-18:00 L','16:30-18:00','',72),(255,'13:30-15:00 L','13:30-15:00','','13:30-15:00','',72),(256,'13:30-15:00','15:00-16:30 L','15:00-16:30','','15:00-16:30',73),(257,'','','','16:30-18:00','',73),(258,'','','','','16:30-18:00',73),(259,'12:00-13:30 L','12:00-13:30','12:00-13:30','12:00-13:30','',73),(260,'','','','13:30-15:00','',74),(261,'','15:00-16:30','','','',74),(262,'20:00-21:30','','','','',74),(263,'','','15:00-16:30','','',74),(264,'13:30-15:00','','','','',74),(265,'','','','','15:00-16:30',74),(266,'','','','','18:30-20:00',74),(267,'15:00-16:30','','','','',74),(268,'','','13:30-15:00','','',74),(269,'','','','','16:30-18:00',74),(270,'10:30-12:00','8:30-10:00','','10:30-12:00','',75),(271,'8:30-10:00 L','','8:30-10:00','8:30-10:00','',75),(272,'7:00-8:30 L','','','7:00-8:30','8:30-10:00',76),(273,'12:00-13:30 L','','12:00-13:30','12:00-13:30','',76),(274,'','7:00-8:30 L','7:00-8:30','','7:00-8:30',76),(275,'10:30-12:00 L','8:30-10:00','','10:30-12:00','',76),(276,'','15:00-16:30','15:00-16:30','','15:00-16:30',77),(277,'10:30-12:00','','','','',77),(278,'','','','','12:00-13:30',77),(279,'15:00-16:30 L','','','15:00-16:30','16:30-18:00',77),(280,'7:00-8:30','','','7:00-8:30','8:30-10:00 L',78),(281,'','7:00-8:30','7:00-8:30','','7:00-8:30',78),(282,'13:30-15:00 L','13:30-15:00 L','','13:30-15:00','',79),(283,'','15:00-16:30 L','15:00-16:30 L','','15:00-16:30',79),(284,'8:30-10:00','','8:30-10:00','8:30-10:00 L','',79),(285,'13:30-15:00 L','13:30-15:00','','13:30-15:00','',80),(286,'15:00-16:30','','','15:00-16:30','16:30-18:00 L',81),(287,'','18:30-20:00 L','18:30-20:00','','18:30-20:00',81),(288,'16:30-18:00','','16:30-18:00','16:30-18:00 L','',81),(289,'13:30-15:00','13:30-15:00','','13:30-15:00 L','',82),(290,'7:00-8:30','','','7:00-8:30','8:30-10:00 L',82),(291,'','10:30-12:00','10:30-12:00','','',82),(292,'','15:00-16:30 L','15:00-16:30','','15:00-16:30',83),(293,'','10:30-12:00 L','10:30-12:00','','10:30-12:00',83),(294,'15:00-16:30','','','15:00-16:30 L','16:30-18:00',83),(295,'13:30-15:00 L','13:30-15:00','','13:30-15:00','',83),(296,'18:30-20:00','16:30-18:00 L','','18:30-20:00','',84),(297,'','7:00-8:30 L','7:00-8:30 L','','7:00-8:30',85),(298,'8:30-10:00 L','','8:30-10:00 L','8:30-10:00','',85),(299,'7:00-8:30 L','','','7:00-8:30 L','8:30-10:00',85),(300,'16:30-18:00','','16:30-18:00 L','16:30-18:00','',86),(301,'15:00-16:30 L','','','15:00-16:30','16:30-18:00',86),(302,'18:30-20:00','16:30-18:00 L','','18:30-20:00','',86),(303,'13:30-15:00','13:30-15:00','','','',86),(304,'','15:00-16:30','15:00-16:30','','15:00-16:30 L',86),(305,'','18:30-20:00','','','',86),(306,'','','','','18:30-20:00',86),(307,'8:30-10:00','','8:30-10:00 L','8:30-10:00','',87),(308,'','10:00-12:00','','10:00-12:00','',87),(309,'','15:00-16:30','15:00-16:30','','',87),(310,'10:30-12:00','','','','',88),(311,'7:00-8:30','','','','',88),(312,'','','10:30-12:00','','',88),(313,'8:30-10:00','','','','',88),(314,'','','','12:00-13:30','',88),(315,'12:00-13:30','','','','',88),(316,'','7:00-8:30','','','',88),(317,'','','','8:30-10:00','',88),(318,'10:30-12:00','8:30-10:00','','10:30-12:00 L','',89),(319,'','10:30-12:00','10:30-12:00','','10:30-12:00 L',89),(320,'15:00-16:30','','','15:00-16:30','16:30-18:00 L',89),(321,'13:30-15:00','13:30-15:00','','13:30-15:00 L','',89),(322,'20:00-21:30 L','','20:00-21:30','20:00-21:30','',90),(323,'16:30-18:00','','16:30-18:00','16:30-18:00','',91),(324,'','','10:30-12:00','','',91),(325,'','','','','16:30-18:00',91),(326,'12:00-13:30 L','','12:00-13:30','12:00-13:30','',91),(327,'','18:30-20:00','18:30-20:00 L','','18:30-20:00',92),(328,'','13:30-15:00','','13:30-15:00','',92),(329,'18:30-20:00 L','16:30-18:00','','18:30-20:00','',92),(330,'15:00-16:30','','','15:00-16:30 L','16:30-18:00 L',92),(331,'20:00-21:30','','20:00-21:30','20:00-21:30 L','',93),(332,'','','','','15:00-16:30',93),(333,'','','15:00-16:30','','',93),(334,'','18:30-20:00','18:30-20:00 L','','18:30-20:00',93),(335,'7:00-8:30','','','7:00-8:30','8:30-10:00 L',94),(336,'','','','12:00-13:30','',94),(337,'','7:00-8:30','7:00-8:30','','7:00-8:30 L',94),(338,'8:30-10:00','','','','',94),(339,'','18:30-20:00','18:30-20:00 L','','18:30-20:00',95),(340,'','15:00-16:30','15:00-16:30','','15:00-16:30 L',95),(341,'8:30-10:00 L','','8:30-10:00','8:30-10:00','',96),(342,'13:30-15:00','','13:30-15:00','','',96),(343,'','','','','8:30-10:00',96),(344,'12:00-13:30','','12:00-13:30 L','12:00-13:30','',96),(345,'10:30-12:00','8:30-10:00 L','','10:30-12:00','',96),(346,'','','','','12:00-14:00',97),(347,'10:30-12:00','8:30-10:00','','10:30-12:00','',97),(348,'','15:00-16:30','15:00-16:30','','',97),(349,'','10:30-12:00','10:30-12:00','','10:30-12:00 L',97),(350,'','15:00-16:30','','','',98),(351,'20:00-21:30','','20:00-21:30','20:00-21:30','',98),(352,'18:30-20:00','16:30-18:00 L','','18:30-20:00','',98),(353,'','18:30-20:00','','','',98),(354,'15:00-16:30','','13:30-15:00','15:00-16:30 L','16:30-18:00',99),(355,'','10:30-12:00 L','10:30-12:00','13:30-15:00','10:30-12:00',99),(356,'18:30-20:00','16:30-18:00','','18:30-20:00','13:30-15:00 L',99),(357,'10:30-12:00','8:30-10:00','','10:30-12:00 L','',100),(358,'20:00-21:30','','','','',101),(359,'13:30-15:00 L','13:30-15:00','','13:30-15:00','',101),(360,'','15:00-16:30','15:00-16:30','','15:00-16:30',101),(361,'','20:00-21:30','','','',101),(362,'15:00-16:30 L','','','15:00-16:30','16:30-18:00',102),(363,'12:00-13:30 L','','12:00-13:30','12:00-13:30','',102),(364,'','','','','10:30-12:00',103),(365,'13:30-15:00','13:30-15:00','','13:30-15:00','',103),(366,'','12:00-13:30 L','13:30-15:00','','12:00-13:30',103),(367,'','','','','7:00-8:30',103),(368,'','','','18:30-20:00','',104),(369,'','18:30-20:00 L','18:30-20:00','','18:30-20:00',104),(370,'18:30-20:00','','','','',104),(371,'20:00-21:30 L','','20:00-21:30','20:00-21:30','',104),(372,'12:00-13:30','','','','',105),(373,'15:00-16:30','','','15:00-16:30','',105),(374,'','10:30-12:00','10:30-12:00 L','','10:30-12:00',105),(375,'','','8:30-10:00','','',106),(376,'','8:30-10:00','','','',106),(377,'','10:30-12:00','10:30-12:00','','10:30-12:00 L',106),(378,'','12:00-13:30','13:30-15:00','','12:00-13:30 L',106),(379,'','12:00-13:30','13:30-15:00 L','','12:00-13:30',107),(380,'','15:00-16:30','15:00-16:30 L','','15:00-16:30',107),(381,'15:00-16:30','','','15:00-16:30','',107),(382,'','15:00-16:30 L','15:00-16:30','','15:00-16:30',108),(383,'16:30-18:00','','16:30-18:00','16:30-18:00 L','',108),(384,'15:00-16:30','','','15:00-16:30 L','16:30-18:00',108),(385,'16:30-18:00','','16:30-18:00','16:30-18:00 L','',109),(386,'18:30-20:00 L','16:30-18:00','','18:30-20:00','',109),(387,'20:00-21:30','','20:00-21:30','20:00-21:30 L','',109),(388,'','18:30-20:00','18:30-20:00','','18:30-20:00',109),(389,'12:00-13:30 L','','12:00-13:30','12:00-13:30','',110),(390,'7:00-8:30','','','7:00-8:30','',111),(391,'08:30-10:00','','08:30-10:00','08:30-10:00','',111),(392,'','10:30-12:00','10:30-12:00','','10:30-12:00 L',111),(393,'20:00-21:30','','20:00-21:30','20:00-21:30','',112),(394,'18:30-20:00','16:30-18:00','','18:30-20:00','',112),(395,'','','','16:30-18:00','',113),(396,'','18:30-20:00','18:30-20:00','','18:30-20:00',113),(397,'20:00-21:30','','20:00-21:30','20:00-21:30','',113),(398,'','15:00-16:30','','','',113),(399,'','10:30-12:00','10:30-12:00','','10:30-12:00 L',114),(400,'7:00-8:30','','','7:00-8:30','8:30-10:00 L',114),(401,'10:30-12:00 L','8:30-10:00','','10:30-12:00','',114),(402,'','10:30-12:00','10:30-12:00','','10:30-12:00',115),(403,'12:00-13:30','','12:00-13:30','12:00-13:30','',115),(404,'15:00-16:30','','','15:00-16:30','',115),(405,'','10:30-12:00','10:30-12:00','','10:30-12:00 L',116),(406,'12:00-13:30','','12:00-13:30 L','12:00-13:30','',116),(407,'10:30-12:00','8:30-10:00 L','','10:30-12:00','',116),(408,'7:00-8:30','','','7:00-8:30','8:30-10:00',117),(409,'','','8:30-10:00','','',117),(410,'','','','8:30-10:00','',117),(411,'','7:00-8:30','7:00-8:30','','7:00-8:30',117),(412,'15:00-16:30 L','','','15:00-16:30','16:30-18:00',118),(413,'20:00-21:30','','20:00-21:30 L','20:00-21:30','',118),(414,'16:30-18:00','','16:30-18:00 L','16:30-18:00','',118),(415,'','','','','12:00-14:00',119),(416,'18:30-20:00','16:30-18:00 L','','18:30-20:00','',119),(417,'','18:30-20:00','18:30-20:00','','18:30-20:00 L',119),(418,'15:00-16:30','','','15:00-16:30','',119),(419,'16:30-18:00 L','','16:30-18:00','16:30-18:00','',120),(420,'','12:00-13:30','','','',120),(421,'15:00-16:30','','','','',120),(422,'','','','12:00-13:30','',120),(423,'12:00-13:30','','','','',120),(424,'','13:30-15:00','','','',120),(425,'','','12:00-13:30','','',120),(426,'18:30-20:00','16:30-18:00','','18:30-20:00 L','',120),(427,'7:00-8:30 L','','','7:00-8:30','8:30-10:00',121),(428,'','12:00-13:30','13:30-15:00','','12:00-13:30 L',122),(429,'','18:30-20:00','18:30-20:00','','18:30-20:00 L',122),(430,'16:30-18:00 L','','16:30-18:00','16:30-18:00','',122),(431,'13:30-15:00','13:30-15:00','','','',123),(432,'16:30-18:00 L','','16:30-18:00','16:30-18:00','',123),(433,'','15:00-16:30','15:00-16:30 L','','15:00-16:30',123),(434,'15:00-16:30','','','15:00-16:30','16:30-18:00 L',123),(435,'','12:00-13:30 L','13:30-15:00','','12:00-13:30',124),(436,'8:30-10:00','','8:30-10:00','8:30-10:00 L','',124),(437,'10:30-12:00','','','10:30-12:00','',124),(438,'8:30-10:00 L','','8:30-10:00 L','8:30-10:00','',125),(439,'10:30-12:00','8:30-10:00 L','','10:30-12:00 L','',125),(440,'12:00-13:30','','12:00-13:30','12:00-13:30 L','',125),(441,'','18:30-20:00','18:30-20:00 L','','18:30-20:00',126),(442,'','12:00-13:30','13:30-15:00','','12:00-13:30 L',126),(443,'18:30-20:00','','','18:30-20:00','',126),(444,'13:30-15:00','13:30-15:00','','13:30-15:00','',127),(445,'','','','','15:00-16:30',127),(446,'16:30-18:00','','','','',127),(447,'15:00-16:30','','','15:00-16:30','16:30-18:00',127),(448,'12:00-13:30','12:00-13:30','12:00-13:30 L','12:00-13:30','',127),(449,'20:00-21:30','','20:00-21:30','20:00-21:30 L','',128),(450,'','18:30-20:00','18:30-20:00','','18:30-20:00 L',128),(451,'','','','16:30-18:00','',128),(452,'','','','','16:30-18:00',128),(453,'7:00-8:30','','','7:00-8:30','8:30-10:00',129),(454,'8:30-10:00','','8:30-10:00','8:30-10:00 L','',129),(455,'10:30-12:00','8:30-10:00','','','',129),(456,'','15:00-16:30','15:00-16:30 L','','15:00-16:30',130),(457,'','12:00-13:30','13:30-15:00 L','','12:00-13:30',130),(458,'','12:00-13:30 L','13:30-15:00','','12:00-13:30',131),(459,'10:30-12:00 L','8:30-10:00','','10:30-12:00','',132),(460,'8:30-10:00 L','','8:30-10:00','8:30-10:00','',132),(461,'13:30-15:00','13:30-15:00 L','','13:30-15:00','',132),(462,'','10:30-12:00','10:30-12:00','','',132),(463,'7:00-8:30','','','7:00-8:30 L','8:30-10:00',132),(464,'20:00-21:30 L','','20:00-21:30','20:00-21:30','',133),(465,'15:00-16:30','','','15:00-16:30','16:30-18:00 L',133),(466,'16:30-18:00 L','','16:30-18:00','16:30-18:00','',133),(467,'8:30-10:00','','8:30-10:00','8:30-10:00','',134),(468,'12:00-13:30','','','','',134),(469,'7:00-8:30','','','','',134),(470,'','15:00-16:30','15:00-16:30','','',134),(471,'13:30-15:00 L','13:30-15:00','','13:30-15:00','',135),(472,'16:30-18:00','','16:30-18:00 L','16:30-18:00','',135),(473,'8:30-10:00','','8:30-10:00','8:30-10:00 L','',135),(474,'16:30-18:00','','','','',136),(475,'','18:30-20:00 L','18:30-20:00','','18:30-20:00',136),(476,'','15:00-16:30 L','15:00-16:30','','15:00-16:30',136),(477,'','','12:00-13:30','','',136),(478,'','12:00-13:30','12:00-13:30','','',137),(479,'','10:30-12:00 L','10:30-12:00','','10:30-12:00',137),(480,'8:30-10:00 L','','8:30-10:00','8:30-10:00','',137),(481,'','7:00-8:30 L','7:00-8:30','','7:00-8:30',138),(482,'7:00-8:30','','','7:00-8:30 L','8:30-10:00',138),(483,'10:30-12:00 L','8:30-10:00','','10:30-12:00','',138),(484,'12:00-13:30','','12:00-13:30','','',138),(485,'','','8:30-10:00','','',139),(486,'','10:30-12:00','10:30-12:00','','10:30-12:00 L',139),(487,'','','','','8:30-10:00',139),(488,'10:30-12:00','8:30-10:00','','10:30-12:00 L','',139),(489,'','','','8:30-10:00','',139),(490,'','','12:00-13:30','','',139),(491,'12:00-13:30','','','','',139),(492,'8:30-10:00','','','','',139),(493,'','7:00-8:30','7:00-8:30','','7:00-8:30 L',140),(494,'10:30-12:00 L','8:30-10:00','','10:30-12:00','',140),(495,'','10:30-12:00','10:30-12:00','','',140),(496,'7:00-8:30 L','','','7:00-8:30','8:30-10:00',140),(497,'8:30-10:00','','8:30-10:00','8:30-10:00','',140),(498,'','13:30-15:00','','','',141),(499,'12:00-13:30','','12:00-13:30','12:00-13:30 L','',141),(500,'','10:00-12:00','','13:30-15:30','',141),(501,'15:00-16:30 L','','','15:00-16:30','16:30-18:00',142),(502,'','18:30-20:00','18:30-20:00','','18:30-20:00 L',142),(503,'18:30-20:00 L','16:30-18:00','','18:30-20:00','',142),(504,'20:00-21:30','','20:00-21:30 L','20:00-21:30','',143),(505,'16:30-18:00','','16:30-18:00 L','16:30-18:00','',144),(506,'18:30-20:00','16:30-18:00','','18:30-20:00','',145),(507,'15:00-16:30','','','15:00-16:30','16:30-18:00',145),(508,'','18:30-20:00 L','18:30-20:00','','18:30-20:00',145),(509,'','15:00-16:30 L','15:00-16:30','','15:00-16:30',145),(510,'','18:30-20:00','18:30-20:00','','18:30-20:00 L',146),(511,'16:30-18:00','','','','',147),(512,'12:00-13:30','','12:00-13:30','12:00-13:30 L','',147),(513,'10:00-12:00','','10:00-12:00','','10:00-12:00',147),(514,'','','','12:00-13:30','',148),(515,'8:30-10:00','','','','',148),(516,'','','7:00-8:30','','',148),(517,'7:00-8:30','','','','',148),(518,'','','8:30-10:00','','',148),(519,'12:00-13:30','','','','',148),(520,'','','','7:00-8:30','',148),(521,'','8:30-10:00','','','',148),(522,'','','','8:30-10:00','',148),(523,'','','','','8:30-10:00',148),(524,'10:30-12:00','','','','',148),(525,'','7:00-8:30','','','',148),(526,'','8:30-10:00','','','',149),(527,'8:30-10:00','','','','',149),(528,'7:00-8:30','','','','',149),(529,'','','7:00-8:30','','',149),(530,'','','','8:30-10:00','',149),(531,'','7:00-8:30','','','',149),(532,'','12:00-13:30','13:30-15:00 L','','12:00-13:30',149),(533,'','','8:30-10:00','','',149),(534,'','','','','7:00-8:30',149),(535,'','10:30-12:00','','','',149),(536,'','7:00-8:30','7:00-8:30 L','','7:00-8:30',150),(537,'8:30-10:00','','8:30-10:00 L','8:30-10:00','',150),(538,'13:30-15:00','13:30-15:00','','13:30-15:00 L','',150),(539,'8:30-10:00','','8:30-10:00 L','8:30-10:00','',151),(540,'','15:00-16:30','15:00-16:30','','',151),(541,'10:30-12:00','8:30-10:00 L','','10:30-12:00','',151),(542,'','12:00-13:30 L','13:30-15:00','','12:00-13:30',152),(543,'10:30-12:00','8:30-10:00 L','','10:30-12:00','',152),(544,'8:30-10:00','','8:30-10:00 L','8:30-10:00','',152),(545,'12:00-13:30','','12:00-13:30','12:00-13:30 L','',152),(546,'15:00-16:30','','','15:00-16:30','16:30-18:00 L',153),(547,'16:30-18:00','','16:30-18:00','','',153),(548,'','18:30-20:00 L','18:30-20:00','','18:30-20:00',153),(549,'13:30-15:00','13:30-15:00','','13:30-15:00 L','',153),(550,'16:30-18:00','','16:30-18:00 L','16:30-18:00','',154),(551,'','15:00-16:30','15:00-16:30 L','','15:00-16:30',154),(552,'20:00-21:30','','20:00-21:30 L','20:00-21:30','',154),(553,'8:30-10:00 L','','8:30-10:00','8:30-10:00','',155),(554,'10:30-12:00 L','8:30-10:00','','10:30-12:00','',155),(555,'','7:00-8:30','7:00-8:30 L','','7:00-8:30',155),(556,'7:00-8:30','','','7:00-8:30','8:30-10:00 L',155),(557,'20:00-21:30','','20:00-21:30','20:00-21:30 L','',156),(558,'','18:30-20:00','18:30-20:00','','18:30-20:00',156),(559,'18:30-20:00','16:30-18:00','','18:30-20:00 L','',156),(560,'15:00-16:30','','','15:00-16:30 L','16:30-18:00',156),(561,'12:00-13:30 L','','12:00-13:30','12:00-13:30','',157),(562,'8:30-10:00 L','','8:30-10:00','8:30-10:00','',157),(563,'','7:00-8:30','7:00-8:30','','',157),(564,'','10:30-12:00','','','',158),(565,'13:30-15:00 L','7:00-8:30','7:00-8:30','','7:00-8:30',158),(566,'8:30-10:00','','8:30-10:00','8:30-10:00','',158),(567,'7:00-8:30','','13:30-15:00 L','7:00-8:30','8:30-10:00',158),(568,'10:30-12:00','8:30-10:00','','10:30-12:00','',159),(569,'','12:00-13:30','13:30-15:00','','12:00-13:30 L',159),(570,'12:00-13:30','','12:00-13:30','12:00-13:30 L','',159),(571,'7:00-8:30 L','','','7:00-8:30','8:30-10:00',160),(572,'','7:00-8:30','7:00-8:30 L','','7:00-8:30',160),(573,'10:30-12:00','','','10:30-12:00','',160),(574,'13:30-15:00 L','13:30-15:00','','13:30-15:00','',161),(575,'','10:30-12:00','10:30-12:00 L','','10:30-12:00',161),(576,'10:30-12:00','8:30-10:00','','10:30-12:00 L','',161),(577,'8:30-10:00 L','','8:30-10:00 L','8:30-10:00','',162),(578,'','7:00-8:30 L','7:00-8:30 L','','7:00-8:30',162),(579,'7:00-8:30','','','7:00-8:30 L','8:30-10:00 L',162),(580,'','12:00-13:30','13:30-15:00','','12:00-13:30',163),(581,'15:00-16:30','','','','',163),(582,'','','','','10:30-12:00',163),(583,'10:30-12:00','8:30-10:00','','10:30-12:00 L','',163),(584,'16:30-18:00 L','','16:30-18:00','16:30-18:00','',164),(585,'15:00-16:30','','','15:00-16:30','',164),(586,'','16:00-18:00','','','16:00-18:00',164),(587,'','','','12:00-13:30','',164),(588,'','7:00-8:30 L','7:00-8:30','','7:00-8:30',165),(589,'7:00-8:30 L','','','7:00-8:30','8:30-10:00',165),(590,'8:30-10:00','','','','',165),(591,'','8:30-10:00','','','',165),(592,'','','','10:30-12:00','',166),(593,'13:30-15:00','','','','13:30-15:00',166),(594,'12:00-13:30','','12:00-13:30','12:00-13:30 L','',166),(595,'','8:00-10:00','','8:30-10:30','',166),(596,'','','','','7:00-8:30',166),(597,'7:00-8:30','','','7:00-8:30','8:30-10:00',166),(598,'','16:30-18:00','','','',167),(599,'','','','','13:30-15:00',167),(600,'','','','20:00-21:30','',167),(601,'20:00-21:30','','','','',167),(602,'15:00-16:30','','','15:00-16:30','16:30-18:00 L',167),(603,'18:30-20:00','','','','',167),(604,'','','','18:30-20:00','',167),(605,'16:30-18:00','','16:30-18:00','16:30-18:00 L','',167),(606,'','10:30-12:00','','','',168),(607,'','7:00-8:30','7:00-8:30','','7:00-8:30',168),(608,'7:00-8:30','','','7:00-8:30','8:30-10:00 L',168),(609,'','','','10:30-12:00','',168),(610,'','7:00-8:30 L','7:00-8:30','','7:00-8:30',169),(611,'7:00-8:30','','','7:00-8:30 L','8:30-10:00',169),(612,'8:30-10:00','','','8:30-10:00','',169),(613,'10:30-12:00','8:30-10:00','','10:30-12:00 L','',170),(614,'','7:00-8:30 L','7:00-8:30','','7:00-8:30',170),(615,'','12:00-13:30 L','13:30-15:00','','12:00-13:30',170),(616,'','','','','7:00-8:30',171),(617,'','13:30-15:00','','','',171),(618,'','','','8:30-10:00','',171),(619,'','10:30-12:00','','','',171),(620,'','7:00-8:30','','','',171),(621,'10:30-12:00','','','','',171),(622,'','','','10:30-12:00','',171),(623,'','','','','12:00-13:30',171),(624,'','','','13:30-15:00','',171),(625,'','','','','8:30-10:00',171),(626,'','10:30-12:00 L','10:30-12:00','','10:30-12:00',172),(627,'7:00-8:30 L','','','7:00-8:30 L','8:30-10:00',172),(628,'','7:00-8:30','7:00-8:30','','7:00-8:30 L',172),(629,'13:30-15:00','13:30-15:00','','','',173),(630,'10:30-12:00','8:30-10:00','','10:30-12:00 L','',173),(631,'','12:00-13:30 L','13:30-15:00','','12:00-13:30',173),(632,'','10:30-12:00','10:30-12:00','','10:30-12:00 L',173),(633,'','7:00-8:30 L','7:00-8:30','','7:00-8:30',174),(634,'10:30-12:00','8:30-10:00 L','','10:30-12:00','',174),(635,'8:30-10:00','','8:30-10:00','8:30-10:00 L','',174),(636,'10:30-12:00','8:30-10:00','','10:30-12:00','',175),(637,'','10:30-12:00','10:30-12:00','','10:30-12:00 L',175),(638,'','','','12:00-13:30','',176),(639,'','10:30-12:00 L','10:30-12:00','','10:30-12:00',176),(640,'','','13:30-15:00','','',176),(641,'','7:00-8:30','7:00-8:30','','7:00-8:30 L',176),(642,'20:00-21:30 L','','20:00-21:30','20:00-21:30','',177),(643,'18:30-20:00 L','16:30-18:00','','18:30-20:00','',177),(644,'','18:30-20:00','18:30-20:00 L','','18:30-20:00',177),(645,'16:30-18:00 L','','16:30-18:00','16:30-18:00','',177),(646,'12:00-13:30','','12:00-13:30 L','12:00-13:30','',178),(647,'','','','','10:30-12:00',178),(648,'7:00-8:30','','','7:00-8:30','8:30-10:00 L',178),(649,'8:30-10:00','','8:30-10:00','','',178),(650,'','7:00-8:30 L','7:00-8:30','','7:00-8:30',178),(651,'','15:00-16:30','15:00-16:30','','15:00-16:30 L',179),(652,'','12:00-13:30','13:30-15:00 L','','12:00-13:30',179),(653,'16:30-18:00','','16:30-18:00','16:30-18:00 L','',180),(654,'','15:00-16:30','15:00-16:30','','15:00-16:30',181),(655,'15:00-16:30','','','15:00-16:30','16:30-18:00',181),(656,'16:30-18:00','','16:30-18:00','16:30-18:00','',181),(657,'','','','10:30-12:00','',182),(658,'12:00-13:30','','12:00-13:30 L','12:00-13:30','',182),(659,'','10:30-12:00','','','',182),(660,'','7:00-8:30','7:00-8:30 L','','7:00-8:30',182),(661,'15:00-16:30','','','15:00-16:30 L','16:30-18:00',183),(662,'','15:00-16:30','15:00-16:30 L','','15:00-16:30',183),(663,'18:30-20:00','16:30-18:00 L','','18:30-20:00','',183),(664,'16:30-18:00','','16:30-18:00 L','16:30-18:00','',183),(665,'','12:00-13:30','13:30-15:00','','',184),(666,'','7:00-8:30','7:00-8:30 L','','7:00-8:30',184),(667,'7:00-8:30','','','7:00-8:30 L','8:30-10:00',184),(668,'7:00-8:30 L','','','7:00-8:30','8:30-10:00',185),(669,'','10:30-12:00 L','10:30-12:00','','10:30-12:00',185),(670,'12:00-13:30','','12:00-13:30','12:00-13:30 L','',185),(671,'','7:00-8:30','7:00-8:30 L','','7:00-8:30',185),(672,'','','','','8:30-10:00',186),(673,'12:00-13:30','','','','',186),(674,'','7:00-8:30','','','',186),(675,'','','12:00-13:30','','',186),(676,'','','','','10:30-12:00',186),(677,'10:30-12:00','','','','',186),(678,'','','10:30-12:00','','',186),(679,'','','','8:30-10:00','',186),(680,'','10:30-12:00','','','',186),(681,'','','8:30-10:00','','',186),(682,'','','','10:30-12:00','',186),(683,'8:30-10:00','','','','',186),(684,'7:00-8:30','','','7:00-8:30','8:30-10:00 L',187),(685,'12:00-13:30','','12:00-13:30 L','12:00-13:30','',187),(686,'10:30-12:00','','','','',188),(687,'','','7:00-8:30','','',188),(688,'12:00-13:30','','','','',188),(689,'','','10:30-12:00','','',188),(690,'','12:00-13:30','','','',188),(691,'','','12:00-13:30','','',188),(692,'','','','10:30-12:00','',188),(693,'','7:00-8:30','','','',188),(694,'','10:30-12:00','','','',188),(695,'7:00-8:30','','','','',188),(696,'','','','7:00-8:30','',188),(697,'','','','','7:00-8:30',188),(698,'','','','12:00-13:30','',189),(699,'','','12:00-13:30','','',189),(700,'','','','','10:30-12:00',189),(701,'8:30-10:00','','','','',189),(702,'12:00-13:30','','','','',189),(703,'','12:00-13:30','','','',189),(704,'','10:30-12:00','','','',189),(705,'7:00-8:30 L','','','7:00-8:30','8:30-10:00',190),(706,'10:30-12:00 L','8:30-10:00','','10:30-12:00','',190),(707,'12:00-13:30','','12:00-13:30','12:00-13:30 L','',190),(708,'10:30-12:00','8:30-10:00','','10:30-12:00','',191),(709,'8:30-10:00','','8:30-10:00','8:30-10:00 L','',191),(710,'','12:00-14:00','','12:00-14:00','',192),(711,'12:00-14:00','','','','',192),(712,'','','','','10:30-12:00',193),(713,'','','','','8:30-10:00',193),(714,'','12:00-13:30 L','13:30-15:00','','12:00-13:30',193),(715,'13:30-15:00','13:30-15:00','','13:30-15:00','',193),(716,'8:30-10:00','','','','',194),(717,'10:30-12:00','','','','',194),(718,'','10:30-12:00','','','',194),(719,'','15:00-16:30 L','15:00-16:30','','15:00-16:30',194),(720,'','','','','10:30-12:00',194),(721,'12:00-13:30','','','','',194),(722,'','','12:00-13:30','','',194),(723,'','12:00-13:30','','','',194),(724,'7:00-8:30','','','','',194),(725,'','12:00-13:30','','','',195),(726,'','','13:30-15:00','','',195),(727,'13:30-15:00','','','','',195),(728,'','','','','12:00-13:30',195),(729,'16:30-18:00','','16:30-18:00','16:30-18:00 L','',195),(730,'12:00-13:30','','12:00-13:30 L','12:00-13:30','',195),(731,'18:30-20:00','16:30-18:00','','18:30-20:00 L','',195),(732,'','','','13:30-15:00','',195),(733,'','18:30-20:00','18:30-20:00','','',195),(734,'16:30-18:00','','','','',196),(735,'','','18:30-20:00','','',196),(736,'','18:30-20:00','','','',196),(737,'','15:00-16:30','15:00-16:30','','15:00-16:30 L',196),(738,'20:00-21:30 L','','20:00-21:30','20:00-21:30','',196),(739,'18:30-20:00 L','16:30-18:00','','18:30-20:00','',196),(740,'10:30-12:00','08:30-10:00','','10:30-12:00','',197),(741,'','7:00-8:30','7:00-8:30','','7:00-8:30',197),(742,'7:00-8:30','','','7:00-8:30','8:30-10:00',197),(743,'16:30-18:00','','16:30-18:00 L','16:30-18:00 L','',198),(744,'','','15:00-16:30','','',198),(745,'','','','','15:00-16:30',198),(746,'18:30-20:00','16:30-18:00 L','','18:30-20:00','',198),(747,'20:00-21:30','','20:00-21:30','20:00-21:30 L','',198),(748,'12:00-13:30','','','','',199),(749,'10:30-12:00 L','8:30-10:00','','10:30-12:00','',199),(750,'13:30-15:00','','','','',199),(751,'','','','','8:30-10:00',199),(752,'8:30-10:00 L','','8:30-10:00','8:30-10:00','',199),(753,'18:30-20:00 L','16:30-18:00','','18:30-20:00','',200),(754,'15:00-16:30','','','15:00-16:30','16:30-18:00',200),(755,'','18:30-20:00','18:30-20:00','','18:30-20:00',201),(756,'15:00-16:30','','','15:00-16:30 L','16:30-18:00 L',201),(757,'18:30-20:00','16:30-18:00 L','','18:30-20:00 L','',201),(758,'16:30-18:00 L','','16:30-18:00','16:30-18:00','',202),(759,'15:00-16:30','','','','',202),(760,'','15:00-16:30','','','',202),(761,'18:30-20:00 L','16:30-18:00','','18:30-20:00','',202);
/*!40000 ALTER TABLE `horario` ENABLE KEYS */;
UNLOCK TABLES;

--
-- Table structure for table `profesor`
--

DROP TABLE IF EXISTS `profesor`;
/*!40101 SET @saved_cs_client     = @@character_set_client */;
/*!40101 SET character_set_client = utf8 */;
CREATE TABLE `profesor` (
  `IdProfesor` int(11) NOT NULL AUTO_INCREMENT,
  `Nombre` varchar(50) NOT NULL,
  `APaterno` varchar(50) NOT NULL,
  `AMaterno` varchar(50) NOT NULL,
  `Email` varchar(140) DEFAULT NULL,
  PRIMARY KEY (`IdProfesor`)
) ENGINE=InnoDB AUTO_INCREMENT=203 DEFAULT CHARSET=latin1;
/*!40101 SET character_set_client = @saved_cs_client */;

--
-- Dumping data for table `profesor`
--

LOCK TABLES `profesor` WRITE;
/*!40000 ALTER TABLE `profesor` DISABLE KEYS */;
INSERT INTO `profesor` VALUES (3,'Rafael','Aguilar','García',NULL),(4,'Fernando','Aguilar','Sánchez',NULL),(5,'Verónica','Agustín','Domínguez',NULL),(6,'Alberto Jesús','Alcántara','Méndez',NULL),(7,'Juan Jesús','Alcaraz','Torres',NULL),(8,'Rocío','Almazán','Farfán',NULL),(9,'Maribel','Aragón','García',NULL),(10,'David','Araujo','Díaz',NULL),(11,'Jacqueline','Arzate','Gordillo',NULL),(12,'Marco Antonio','Barranco','Jiménez',NULL),(13,'Ricardo','Barrón','Fernández',NULL),(14,'Josue Emanuel','Barrón','Vera',NULL),(15,'Sandra Ivette','Bautista','Rosales',NULL),(16,'Alejandro','Botello','Castillo',NULL),(17,'Israel','Buitrón','Damaso',NULL),(18,'Eduardo','Bustos','Farias',NULL),(19,'Gloria Lourdes','Cabrera','Chávez',NULL),(20,'Sergio','Cancino','Calderón',NULL),(21,'Odette Berenice','Cancino','Mosqueda',NULL),(22,'Leticia','Cañedo','Suárez',NULL),(23,'Juan Manuel','Carballo','Jiménez',NULL),(24,'Oscar','Carranza','Castillo',NULL),(25,'Chadwick','Carreto','Arellano',NULL),(26,'Blanca Esther','Carvajal','Gámez',NULL),(27,'Gelacio','Castillo','Cabrera',NULL),(28,'Edgar Armando','Catalán','Salgado',NULL),(29,'Ricardo','Ceballos','Sebastián',NULL),(30,'Adriana Berenice','Celis','Domínguez',NULL),(31,'Ismael','Cervantes','De Anda',NULL),(32,'Luis Moctezuma','Cervantes','Espinosa',NULL),(33,'Lorena','Chavarría','Báez',NULL),(34,'Eduardo','Chávez','Lima',NULL),(35,'Alejandro Sigfrido','Cifuentes','Álvarez',NULL),(36,'Martha Rosa','Cordero','López',NULL),(37,'Ukranio','Coronilla','Contreras',NULL),(38,'Jorge','Cortés','Galicia',NULL),(39,'Nidia Asunción','Cortez','Duarte',NULL),(40,'Daniel','Cruz','García',NULL),(41,'Apolinar Francisco','Cruz','Lázaro',NULL),(42,'María Elena','Cruz','Meza',NULL),(43,'Benjamín','Cruz','Torres',NULL),(44,'José Carlos','Dávalos','López',NULL),(45,'Saúl','De la O','Torres',NULL),(46,'Roberto','De Luna','Caballero',NULL),(47,'Saúl','Del Ángel','Ávalos',NULL),(48,'Claudia Celia','Díaz','Huerta',NULL),(49,'Ricardo Felipe','Díaz','Santiago',NULL),(50,'Sandra','Díaz','Santiago',NULL),(51,'Iván','Díaz','Toalá',NULL),(52,'Marco Antonio','Dorantes','González',NULL),(53,'Claudia Jisela','Dorantes','Villa',NULL),(54,'Edmundo René','Durán','Camarillo',NULL),(55,'José Asunción','Enríquez','Zárate',NULL),(56,'Patricia','Escamilla','Miranda',NULL),(57,'José Armando','Esquivel','Centeno',NULL),(58,'Serafín','Estrada','Elizalde',NULL),(59,'Alfonso','Fernández','Vázquez',NULL),(60,'Felipe de Jesús','Figueroa','Del Prado',NULL),(61,'Rolando','Flores','Carapia',NULL),(62,'Raquel','Flores','Delgado',NULL),(63,'Yaxkin','Flores','Mendoza',NULL),(64,'Edgardo Adrián','Franco','Martínez',NULL),(65,'Rubén','Galicia','Mejía',NULL),(66,'María Gabriela','Galiñanes','Rodríguez',NULL),(67,'Consuelo Varinia','García','Mendoza',NULL),(68,'Victor Hugo','García','Ortega',NULL),(69,'Juan Vicente','García','Sales',NULL),(70,'Fabián','Gaspar','Medina',NULL),(71,'Margarita Elizabeth','Gómez','Mayorga',NULL),(72,'Gisela','González','Albarrán',NULL),(73,'Alejandro','González','Cisneros',NULL),(74,'Marko Alfonso','González','Ramírez',NULL),(75,'Miguel Ángel','González','Trujillo',NULL),(76,'Eduardo','Gutiérrez','Aldana',NULL),(77,'Darwin','Gutiérrez','Mejía',NULL),(78,'Florencio','Guzmán','Aguilar',NULL),(79,'Jessie Paulina','Guzmán','Flores',NULL),(80,'Leticia','Henestrosa','Carrasco',NULL),(81,'José Luis','Hernández','Aguilar',NULL),(82,'Euler','Hernández','Contreras',NULL),(83,'Macario','Hernández','Cruz',NULL),(84,'Rosa Alba','Hernández','García',NULL),(85,'Josefína','Hernández','Jaime',NULL),(86,'Luis Enrique','Hernández','Olvera',NULL),(87,'Erika','Hernández','Rubio',NULL),(88,'José Celestino Elías','Hernández','Secundino',NULL),(89,'Crispin','Herrera','Yañez',NULL),(90,'José Alfredo','Jiménez','Benítez',NULL),(91,'Edith Adriana','Jiménez','Contreras',NULL),(92,' Yasmín Ivette','Jiménez','Galán',NULL),(93,'René Baltazar','Jiménez','Ruíz',NULL),(94,'Martha Patricia','Jiménez','Villanueva',NULL),(95,'Carlos','Juárez','León',NULL),(96,'Genaro','Juárez','Martínez',NULL),(97,'Jazmín Adriana','Juárez','Ramírez',NULL),(98,'Roberto','Jurado','Jiménez',NULL),(99,'   Olga','Kolesnikova','',NULL),(100,'Laura','Lazcano','Xoxotla',NULL),(101,'Miguel Abel','León','Hernández',NULL),(102,'Ariel','López',' Rojas',NULL),(103,'Benjamín','López','Carrera',NULL),(104,'Luis Octavio','López','Leyva',NULL),(105,'José Jaime','López','Rabadan',NULL),(106,'Claudia Alejandra','López','Rodríguez',NULL),(107,'Gabriela de Jesús','López','Ruíz',NULL),(108,'Benjamín','Luna','Benoso',NULL),(109,'Jesús','Macías','Sustaita',NULL),(110,'Idalia','Maldonado','Castillo',NULL),(111,'Miguel Ángel','Maldonado','Muñoz',NULL),(112,'Roberto','Mandujano','José',NULL),(113,'Héctor Manuel','Manzanilla','Granados',NULL),(114,'Guillermo','Márquez','Arreguín',NULL),(115,'Lilian','Martínez','Acosta',NULL),(116,'Juan Carlos','Martínez','Díaz',NULL),(117,'César Román','Martínez','García',NULL),(118,'José Alfredo','Martínez','Guerrero',NULL),(119,'Jesús Alfredo','Martínez','Nuño',NULL),(120,'José Cruz','Martínez','Perales',NULL),(121,'Ricardo','Martínez','Rosales',NULL),(122,'Virginia','Medina','Mejía',NULL),(123,'Reyna Elia','Melara','Abarca',NULL),(124,'Laura','Méndez','Segundo',NULL),(125,'Elba','Mendoza','Macías',NULL),(126,'Hermes Francisco','Montes','Casiano',NULL),(127,'Ángel Salvador','Montiel','Sánchez',NULL),(128,'Juan Carlos','Morales','Cruz',NULL),(129,'Ángel','Morales','González',NULL),(130,'Sandra Luz','Morales','Güitrón',NULL),(131,'Marco Antonio','Moreno','Armendáriz',NULL),(132,'Axel Ernesto','Moreno','Cervantes',NULL),(133,'Yosafat','Moscoso','Malagón',NULL),(134,'Iván Giovanny','Mosso','García',NULL),(135,'César','Mújica','Ascencio',NULL),(136,'Laura','Muñoz','Salazar',NULL),(137,'Fabiola','Ocampo','Botello',NULL),(138,'Nancy','Ocotitla','Rojas',NULL),(139,'Didier','Ojeda','Guillén',NULL),(140,'Miguel','Olvera','Aldana',NULL),(141,'Rubén','Ortega','González',NULL),(142,'José David','Ortega','Pacheco',NULL),(143,'Andrés','Ortigoza','Campos',NULL),(144,'José Antonio','Ortíz','Ramírez',NULL),(145,'Jesús','Ortuño','Araujo',NULL),(146,'Rocío','Palacios','Solano',NULL),(147,'Rosaura','Palma','Orozco',NULL),(148,'Myriam Noemí','Paredes','Cadena',NULL),(149,'Carlos Jesús','Pastrana','Fernández',NULL),(150,'Rubén','Peredo','Valderrama',NULL),(151,'Mondragón Tanibet','Pérez','de los Santos',NULL),(152,'José Juan','Pérez','Pérez',NULL),(153,'Jaime Hugo','Puebla','Lomas',NULL),(154,'Tonáhtiu Arturo','Ramírez','Romero',NULL),(155,'Josué','Rangel','González',NULL),(156,'Alfredo','Rangel','Guzmán',NULL),(157,'Rocío','Reséndiz','Muñoz',NULL),(158,'Tlatoani de Jesús','Reyes','Bermejo',NULL),(159,'Ignacio','Ríos','de la Torre',NULL),(160,'Mónica','Rivera','De la Rosa',NULL),(161,'María del Rosario','Rocha','Bernabé',NULL),(162,'Eduardo','Rodríguez','Flores',NULL),(163,'Héctor','Rojas','Luna',NULL),(164,'Jorge Luís','Rosas','Trigueros',NULL),(165,'José Marco Antonio','Rueda','Meléndez',NULL),(166,'Elena Fabiola','Ruíz','Ledesma',NULL),(167,'Manuel','Salazar','Ramírez',NULL),(168,'Encarnación','Salinas','Hernández',NULL),(169,'Sergio','Salinas','Lugo',NULL),(170,'Gilberto','Sánchez',' Quintanilla',NULL),(171,'José Emilio','Sánchez','Arroyo',NULL),(172,'Virginia','Sánchez','Cruz',NULL),(173,'Luz María','Sánchez','García',NULL),(174,'José','Sánchez','Juárez',NULL),(175,'Adriana de la Paz','Sánchez','Moreno',NULL),(176,'María Susana','Sánchez','Palacios',NULL),(177,'Raúl','Santillán','Luna',NULL),(178,'Rafael Norman','Saucedo','Delgado',NULL),(179,'José Felix','Serrano','Talamantes',NULL),(180,'Victor Manuel','Silva','García',NULL),(181,'Jorge Javier','Silva','Martínez',NULL),(182,'Misael','Solorza','Guzmán',NULL),(183,'Manuel Alejandro','Soto','Ramos',NULL),(184,'Miguel Santiago','Suárez','Castañón',NULL),(185,'Roberto','Tecla','Parra',NULL),(186,'Juan Carlos','Téllez','Barrera',NULL),(187,'Ma. del Socorro','Téllez','Reyes',NULL),(188,'Marco Antonio','Tenorio','Marrón',NULL),(189,'Alexis','Testa','Nava',NULL),(190,'Enrique','Torres','González',NULL),(191,'Juan José','Torres','Manriquez',NULL),(192,'David Ernesto','Troncoso','Romero',NULL),(193,'Roberto','Vázquez','Arreguín',NULL),(194,'Mijaíl','Vázquez','Ortiz',NULL),(195,'Nayeli','Vega','García',NULL),(196,'Ulises','Vélez','Saldaña',NULL),(197,'Gumersindo','Vera','Hernández',NULL),(198,'Sonia','Villegas','Navarrete',NULL),(199,'Karina','Viveros','Vela',NULL),(200,'Ana María','Winfield','Reyes',NULL),(201,'Bernardo','Yllanes','Mejía',NULL),(202,'Ahmed','Zekkour','Zekkour',NULL);
/*!40000 ALTER TABLE `profesor` ENABLE KEYS */;
UNLOCK TABLES;

--
-- Table structure for table `sala`
--

DROP TABLE IF EXISTS `sala`;
/*!40101 SET @saved_cs_client     = @@character_set_client */;
/*!40101 SET character_set_client = utf8 */;
CREATE TABLE `sala` (
  `IdSala` int(11) NOT NULL AUTO_INCREMENT,
  `Nombre` varchar(50) NOT NULL,
  PRIMARY KEY (`IdSala`)
) ENGINE=InnoDB AUTO_INCREMENT=9 DEFAULT CHARSET=latin1;
/*!40101 SET character_set_client = @saved_cs_client */;

--
-- Dumping data for table `sala`
--

LOCK TABLES `sala` WRITE;
/*!40000 ALTER TABLE `sala` DISABLE KEYS */;
INSERT INTO `sala` VALUES (1,'SALA DE EXÁMENES PROFESIONALES'),(2,'SALA EDUARDO TORRIJOS OCÁDIZ'),(3,'SALA 1009'),(4,'SALA 21-N'),(5,'SALA 21-S'),(6,'SALA 22-N'),(7,'SALA 25-N'),(8,'SALA 25-S');
/*!40000 ALTER TABLE `sala` ENABLE KEYS */;
UNLOCK TABLES;

--
-- Table structure for table `sinodalia`
--

DROP TABLE IF EXISTS `sinodalia`;
/*!40101 SET @saved_cs_client     = @@character_set_client */;
/*!40101 SET character_set_client = utf8 */;
CREATE TABLE `sinodalia` (
  `IdTT` varchar(9) NOT NULL,
  `S1` int(11) NOT NULL,
  `S2` int(11) NOT NULL,
  `S3` int(11) DEFAULT NULL,
  PRIMARY KEY (`IdTT`),
  KEY `S1` (`S1`),
  KEY `S2` (`S2`),
  KEY `S3` (`S3`),
  CONSTRAINT `SINODALIA_ibfk_1` FOREIGN KEY (`S1`) REFERENCES `profesor` (`IdProfesor`) ON DELETE CASCADE ON UPDATE CASCADE,
  CONSTRAINT `SINODALIA_ibfk_2` FOREIGN KEY (`S2`) REFERENCES `profesor` (`IdProfesor`) ON DELETE CASCADE ON UPDATE CASCADE,
  CONSTRAINT `SINODALIA_ibfk_3` FOREIGN KEY (`S3`) REFERENCES `profesor` (`IdProfesor`) ON DELETE CASCADE ON UPDATE CASCADE
) ENGINE=InnoDB DEFAULT CHARSET=latin1;
/*!40101 SET character_set_client = @saved_cs_client */;

--
-- Dumping data for table `sinodalia`
--

LOCK TABLES `sinodalia` WRITE;
/*!40000 ALTER TABLE `sinodalia` DISABLE KEYS */;
/*!40000 ALTER TABLE `sinodalia` ENABLE KEYS */;
UNLOCK TABLES;

--
-- Table structure for table `tt`
--

DROP TABLE IF EXISTS `tt`;
/*!40101 SET @saved_cs_client     = @@character_set_client */;
/*!40101 SET character_set_client = utf8 */;
CREATE TABLE `tt` (
  `IdTT` varchar(9) NOT NULL,
  `Nombre` varchar(140) NOT NULL,
  `Nivel` int(11) NOT NULL,
  PRIMARY KEY (`IdTT`)
) ENGINE=InnoDB DEFAULT CHARSET=latin1;
/*!40101 SET character_set_client = @saved_cs_client */;

--
-- Dumping data for table `tt`
--

LOCK TABLES `tt` WRITE;
/*!40000 ALTER TABLE `tt` DISABLE KEYS */;
/*!40000 ALTER TABLE `tt` ENABLE KEYS */;
UNLOCK TABLES;

--
-- Table structure for table `usuario`
--

DROP TABLE IF EXISTS `usuario`;
/*!40101 SET @saved_cs_client     = @@character_set_client */;
/*!40101 SET character_set_client = utf8 */;
CREATE TABLE `usuario` (
  `IdUser` int(11) NOT NULL AUTO_INCREMENT,
  `Username` varchar(88) NOT NULL,
  `password` varchar(20) NOT NULL,
  PRIMARY KEY (`IdUser`)
) ENGINE=InnoDB DEFAULT CHARSET=utf8;
/*!40101 SET character_set_client = @saved_cs_client */;

--
-- Dumping data for table `usuario`
--

LOCK TABLES `usuario` WRITE;
/*!40000 ALTER TABLE `usuario` DISABLE KEYS */;
/*!40000 ALTER TABLE `usuario` ENABLE KEYS */;
UNLOCK TABLES;
/*!40103 SET TIME_ZONE=@OLD_TIME_ZONE */;

/*!40101 SET SQL_MODE=@OLD_SQL_MODE */;
/*!40014 SET FOREIGN_KEY_CHECKS=@OLD_FOREIGN_KEY_CHECKS */;
/*!40014 SET UNIQUE_CHECKS=@OLD_UNIQUE_CHECKS */;
/*!40101 SET CHARACTER_SET_CLIENT=@OLD_CHARACTER_SET_CLIENT */;
/*!40101 SET CHARACTER_SET_RESULTS=@OLD_CHARACTER_SET_RESULTS */;
/*!40101 SET COLLATION_CONNECTION=@OLD_COLLATION_CONNECTION */;
/*!40111 SET SQL_NOTES=@OLD_SQL_NOTES */;

-- Dump completed on 2017-03-21  6:59:48
